video_id,title
uDPGhtkZtGY,지금 부동산 시장이 바닥인 이유 #망고쌤
IWSzmmDvv6E,강남까지 단 9분?! 금평구 된 은평구
WYAtwLS2D6U,집값 곧 무섭게 바뀝니다. 제발 '이것'부터 보세요 (망고쌤 풀버전)
eTnSCivJo8U,내년부터 중저가 아파트가 핫해질 수밖에 없는 이유
RYpF2KL6aCc,서울에서 5억으로 신축 마련?! 숨겨진 땅 은평구
1oJAzI9sc8I,은평구에 사람이 몰리는 이유
RHwfGvlmEG0,분당이 일산보다 3배 비싼 '진짜 이유' #망고쌤
ONAbFDnakHE,세무조사 기준 대폭 강화! 증여세 줄이려다 세금 폭탄 맞을 수 있습니다 (이장원 세무사 2부)
DJ55Ogz8sO4,이 조건 안 되면 절대 집 사지 마세요 #김경필
espxhNPLcCk,자금 1억 모아서 부동산 투자? 음~ 일단 뽀뽀해 드릴게요!💋 (아낌없이 주는 희구 12부)
es9bKpxqkAY,집값 올리는 주범! '로또 청약'의 진실 #잠실르엘 #망고쌤
VMlC8WdgS5g,강남 영끌 성공했지만 절대 추천 안 하는 이유 #김경필
WsvTwybQ8sc,2025 부동산 세제 개편?! 세금 폭탄 피하려면 올해 안에 '이것'부터 하세요 (이장원 세무사 1부)
jrRCm2wZ-2I,6~12억대 가성비 학군지 막차 탑승?! 딱 '두 군데' 남았습니다. (망고쌤_최윤성 대표 3부)
SFHQJ4MKKEY,영끌'해도 괜찮을까? 그럴 땐 이렇게 대처해보세요! (아낌없이 주는 희구 11부)
i-1-rTvz9DE,"인구감소 시대 '투자 핵심지', 역세권보다 '이곳'을 노리세요 (망고쌤_최윤성 대표 2부)"
wf4JsUXz5yc,5억으로 서울 신축 아파트! 은평구 마지막 기회?!
kD0y4eZnvlE,"""대출 규제 효과 끝났다!"" 지금은 슈퍼사이클 초입! 결국 집값 또 오릅니다 (망고쌤_최윤성 대표 1부)"
Bl0hExhFBVA,제가 시키는 대로 하세요! 시원하게 알려드립니다! (아낌없이 주는 희구 10부)
z5iYle8p17s,노후 생활비 딱 '이 만큼'만 모으세요. 은퇴 후 평생 놀고 먹습니다. (김경필 머니트레이너 3부)
bvn93hJfKkQ,"상위 1% 고수만 아는 '이것', 아직 알려지지 않은 AI사용법 (김덕진 소장 풀버전)"
PoPtezZ0IBc,현직 공인중개사가 알려주는 급매물 잡아서 싸게 사는 법' 이렇게' 따라하세요 (정지영_아임해피 풀버전)
gBdtaCHPPVI,"""집 꼭 사야하나요?"" '이때'부터 친구와 자산 격차 벌어집니다(김경필 머니트레이너 2부)"
7S9xZ2l_5wU,모든 답은 현장에! '여기에' 절대 돈 쓰지 마세요 (아낌없이 주는 희구 9부)
zQ-IBCFyYK8,제가 직접 영끌해보고 알았습니다. 내 집 마련 '이렇게' 하세요 (김경필 머니트레이너 1부)
3kI079NNRU0,"대출 규제 후 6주째, 서울 아파트에 무슨 일이?"
iul-kAaHKt4,"재건축·재개발 투자한다면, 제발 '여기'부터 보세요 (아임해피 정지영 대표 3부)"
bSmqBnM-WnM,향후 가치 상승 기대?! '이곳'을 주목하세요
hQ2fioJOztc,살기 좋은 곳 vs 값이 오를 곳! 노후를 위해 어디에 사는 게 좋을까? (아낌없이 주는 희구 8부)
0IW0JIWjvFU,"장위뉴타운의 숨겨진 보석, 장위 13구역?!"
wNX4_EXM8GY,마.용.성을 놓쳤다면 '이곳'은 꼭 잡아야 합니다 (아임해피 정지영 대표 2부)
8SzUFgIy45U,시세 차익에 실거주까지?! 이문동에서 주목해야 할 곳은?
8zwveg8ULgY,강남 출퇴근 지옥 끝? GTX 역세권 되는 동네는?
SFyb94dcANc,한국 부동산 너무 올랐다! 앞으로 자산은 '이곳'에 모으세요 (김경록 박사 풀버전)
c-FtyimB3-o,대학가 지역은 피해라? '이곳'은 아닙니다. 천지개벽 될 곳은?!
JQJBUjk7NoI,지금 주목해야 할 3기 신도시 딱 한 곳 #정지영
VeKCoewLDMM,PPT 자동 완성 “이 조합 미쳤다”
YXsBeZ1T980,성북구 vs 동대문구 '2억'으로 호재 다 잡을 수 있는 투자 지역은?!
_TjedVpZ20A,끊임없이 늘어나는 세대 수! 수천 세대 입주가 가져올 미래는? #이문휘경
E1LEGi9gupc,대출 규제 이후 갭투자 끝났다?! 오히려 내 집 마련 기회! #정지영
Nudl73xFlB8,"대출 규제는 오히려 기회?! ""현금 없다면 지금 당장 보세요"" (아임해피 정지영 대표 1부)"
4KkrBoNbYb8,"금 vs 부동산 투자, 충격적인 20년 후 결과 #김경록"
SYwWpl0XAy8,만약 OOO이 온다면?! 대박 기회입니다. 쓸어 담을 준비하세요 (아낌없이 주는 희구 7부)
8s_vJb_SlXo,평생 돈 버는 방법! 노후 걱정 끝내는 단 '한 가지' 전략 (김경록 박사 3부)
59yepoUzTHw,돈만 벌다 망한 노후?! 제발 '이것'도 챙기세요 #김경록 #노후준비
BifU4c_GtCM,빨리 개설해야 돈 더 버는 절세 계좌 활용법 #김경록
SxP4dBBaIQg,절대 손해 보지 않는 투자 배분 전략 #김경록
RFvU0IYigUU,"서울 아파트, 7월 셋째 주 '이것'이 바뀌었다! 전국 아파트 시세 동향은?"
NR_fV3xbIDI,집 한 채' 믿고 있다간 노후에 땅을 치고 후회합니다 (김경록 박사 2부)
F0e_Ez0aviM,"서울 10억 ~ 12억 대 아파트, 저라면 '여기' 삽니다 (아낌없이 주는 희구 6부)"
DW0GYW_JEcw,이것' 모르면 나중에 후회합니다. 지금 현금 있다면 '여기'로 옮기세요 (김경록 박사 1부)
we9LalMP_qo,곧 1만 세대 이상 입주한다! 천지개벽 진행 중인 동북권의 핵심 '이문동'의 가치는?
YAEU2yTbcxI,"AI시대, 10년 후에도 살아남을 아이로 키우는 법 (김덕진 소장 3부)"
5k0QQOuAU2k,경기도-강남 거리 13km vs 서울 내 거리 13km! 희구의 선택은?! (아낌없이 주는 희구 5부)
h0lTUUbzqb8,이 AI기능 모르면 부동산 공부할 때 100% 손해봅니다 #김덕진
lMEYWSpu174,지금 ‘이 기능’ 모르면 뒤쳐집니다. AI시대에서 살아남는 아주 확실한 방법 (김덕진 소장 2부)
-pMIdsTeCQI,서울에서 가장 많이 오를 지역은 '이곳' 입니다 #김사부
LoRzdjQ9Nj8,서울 입주권이 답이다?! 지금 '이곳' 안 보면 땅을 치고 후회합니다 (김사부 전문가 풀버전)
5GJ96gj-20o,"하루 걸리던 정보 수집 5분 만에 끝! ""이 AI앱 진짜 미쳤다"""
RV8gSkhI9b8,1억 정도 있다면 '이곳'부터 보세요 #김사부
JO-GZ5r8Umw,냉장고 한 번 찍고 식단까지 짜는 방법
Adlo5Wc_1j4,자영업자라면 지금 당장 써야 할 AI 기능 #김덕진
bZ9pl7Sivd4,똘똘한 한 채는 완벽한 '덫'입니다 #김사부
Uc2aWlz0x7o,지금 사도 최소 10억?! 성수동 재개발의 가치
kHq2NTZSrnk,"이거 하나로 월급 2배 상승! ""상위 1%의 AI 진짜 사용법"" (김덕진 소장 1부)"
xMsan_6tBd0,전재산인 집을 싼값에 팔 사람이 있을까?
Kl0wRY-BJvs,무조건 오르는 부동산! 비밀 공식 대공개★ #김사부
UI95TAGy6o0,이런 아파트' 살고 있다면 지금 당장 갈아타세요 (아낌없이 주는 희구 4부)
kPpmAjEcd7I,이 방법'만 따라하세요 누구나 20억 벌 수 있습니다 #김사부
fchKK_hxeVQ,대출 규제는 맛보기? 정책 더 나올 겁니다. 미리 대비하세요!
7W3St5Eb9Uk,비밀 공식 대공개! 무조건 오르는 부동산 '이렇게' 판단하세요 (김사부 전문가 3부)
2D67I2qU-kQ,앞으로 분양가 계속 비싸집니다 '이 지역'부터 보세요 #심형석교수
rUmn_fPUjKY,노량진의 대변신! 여의도까지 직통 연결 된다?!
WVdsrRjVEfw,2030세대가 집을 명품백처럼 생각하는 충격적인 이유
rgKWThdyybU,"아파트 거래, 올해가 마지막인 이유 #심형석 #토허제"
pE5i6XWN87Q,한강뷰에 노량진과 상도동 생활권 다 누리는 이곳! 노량진 추천 아파트 단지는?!
SrWbcBqHa3A,고시촌 노량진이 강남 뺨치는 신도시로?! '절대 놓치면 안 되는 이유'
2DdvlmENF4A,"""청약 당첨 그만 노리세요"" 매달 1천만 원씩 벌면서 새 아파트 얻는 방법 대공개 (김사부 전문가 2부)"
FQSzu5YSwMc,최근 서울 직장인들이 노량진으로 모이는 이유
cmNfjMHfnlY,"집 사기 가장 좋은 시기, 저는 '이때'만 기다려요 (아낌없이 주는 희구 3부)"
t1fP0imVzLM,"이 조건만 알면 자산 10배 금방 됩니다 ""종잣돈 적어도 가능합니다"" (김사부 전문가 1부)"
-yL2YYOdfxQ,"""방심하지 마세요"" 곧 '이런' 부동산 정책 이어서 나옵니다 (심형석 교수 풀버전)"
_5Cq6PBf9U4,"투자 규모만 무려 30조 원! 서울 핵심 터미널, 38년 만에 뒤집힌다?!"
zK3jFOshSEc,"부동산 정책 발표 임박?! ""하반기엔 더 무서울 겁니다"" (심형석 교수 3부)"
Kcv3dLHhr0A,"내 연봉에 맞는 집값, 딱 정해드립니다 (아낌없이 주는 희구 2부)"
PASI2eIdhDo,"""어디 사세요?"" 집값이 사람값이 되는 사회 (심형석 교수 2부)"
isUi8WxzYIg,지금 미국이 탱크를 못 만드는 이유는 '이것' 때문입니다 (이윤수 교수 풀버전)
h3rBL04rO9s,KB부동산이어야 하는 이유
nHk_pehl39c,개발 끝나면 목동 넘어선다?! 노량진 호재 분석 총정리
-5-5DJNmh8A,"""바겐세일 끝났어요"" 지금이 집 살 수 있는 마지막 기회인 이유 (심형석 교수 1부)"
kyf2IL2Qjvo,"10년 지나도 못 팔아요 ""제발 '이런 집' 사세요"" (아낌없이 주는 희구 1부)"
c-sGtp_MCBg,무서운 집값 상승세! 부동산 매수가 두렵다면 '이 자산'부터 모으세요 (이윤수 교수 3부)
z1fE4bI2clc,잠실이 교통 1번지인 진짜 이유
p0h9BqK1G9o,"제조업 공동화, 미국 따라가면 한국도 위험하다 #이윤수교수"
DPnXz_1vj9o,"미국, 전쟁나면 탱크도 못 만든다?!"
etkCy-b1fac,강남 역대 최고 상승률! 주간 부동산 이슈 긴급 분석!
ExRINuRS6Sg,잠실에 제2 코엑스까지? 대박 개발 계획 공개
uvg15RXk6jI,잠실 똘똘한 한 채가 부동산 끝판왕인 이유
V8gopiEjJ1Y,달러 수요 줄면 한국에 무슨 일이 생길까? #이윤수교수
QPYPZrcopYs,"""서서히 무너진다"" 한국에 닥친 충격적 변화 (이윤수 교수 2부)"
L9JGXtO6vCg,"대선 이후 부동산 어떻게 될까? 뜨거운 집값 논쟁, 이슈 총정리 (2025 대선 특집 토론 풀버전)"
oA3ixDCbrVA,"가계부채 늪에 빠진 한국 ""구조부터 싹 바꿔야 합니다"" (이윤수 교수 1부)"
ebVgfeqS37Y,"똘똘한 한 채, 송파구에 계획 중이라면 '이곳'으로 가세요"
XINnJ7ENJAI,"대선 이후, '이때'가 오면 내 집 마련 하세요 (2025 대선 특집 토론 3부)"
Us21lI86w3Q,"대선 이후 부동산 하락 vs 상승, 과연 전망은?! #대선토론 #부동산전망"
gNsdevSlz9E,고층 이사 후 건강에 이상?! 실제로 너무 많아요 #천동희 #풍수 #고층
KTjlLwmJ0qc,월세를 중심으로 전월세는 상승합니다! #대선토론 #부동산전망
00kb3TFhSh0,대선 결과 발표 D-0! 하반기 집값의 운명은?
rA_3jZbcQBM,집 살 때 절대 놓치면 안 되는 구조의 비밀
MjudjANUMas,"수지 20년 거주 후기 ""자녀가 있다면 꼭 오세요"""
pG7hn16sjCk,학군과 자연을 누릴 수 있는 '숲세권'까지?!
SOKgZcFSAnM,200억 건물주 된 국민MC 유재석의 숨겨진 투자전략 3가지는?!
vWaXSo1m-ig,지금 '수지'를 주목해야 하는 이유
W7uMS_ekg6s,부동산 공약 최종 점검! 집값 전망 끝장 토론 (2025 대선 특집 토론 1부)
eBW0U9AlHyU,하는 것마다 잘되는 재물운 폭발하는 인테리어 (천동희 대표 풀버전)
C1zE2KM9R50,주방 '이렇게' 하면 재물운 넘쳐난다 #천동희 #풍수 #재물운
ZS0QcHdPoOc,반드시 피해야 하는 침대 머리 방향 #천동희 #풍수 #장수
2oT8t2hCJkE,지금 당장 집에서 '이것'부터 치우세요! 풍수 인테리어 총정리 (천동희 대표 3부)
EE0qk8qv6Yg,"입지 끝판왕 '잠실'의 가치, 이미 좋은데 더 좋아진다?!"
_qz4lbq5y3Y,이런 아파트는 반드시 피하세요. 매매도 전세도 안 됩니다 (천동희 대표 2부)
ip9MDX8YK14,수맥파에 노출되면 당뇨·고혈압이 생긴다?! #천동희 #풍수 #수맥
aIWCJIT2G_M,부자일수록 풍수에 관심 갖는 이유 #천동희 #풍수
75g8RKGYxAI,부동산 투자 시 풍수를 무시하면 안 되는 이유 (천동희 대표 1부)
xPxAdFJlobA,미국 영구채 강매 시나리오! 과연 우리에게 '위기'인가 '기회'일까
FCa8ChvpMe0,갭 10억 대 자산별 추천 아파트 #송희구 #갭 #10억투자
9oOarbywaQA,부자가 되고 싶다면 토지에 투자하세요 #송희구
e-_ysKyKWJY,갭 6~8억 대 자산별 추천 아파트 #송희구 #갭
la8_o4dXqkI,이런 곳은 앞으로 무섭게 오릅니다. 전세 끼고 '여기'부터 보세요 (송희구 작가 풀버전)
sMebDZ1Vyfc,갭 5억 대 자산별 추천 아파트 #송희구 #5억투자
HW7iZuC98Qw,산책 아닙니다. 혈당 낮추는 초간단 운동 방법 #식후혈당 #사무실운동
brkGzoSgkiE,갭 2.5억 대 자산별 추천 아파트 #송희구 #갭
JM0OktPcxEQ,심박 시계 필요 없습니다. 딱 맞는 운동강도 찾는 법 #정주호 #심박수
dditfWqsoSE,"자산별 아파트 추천 ""서울·수도권 아파트는 '이곳으로' 사세요"" (송희구 작가 3부)"
h8TzojoKUg0,김문수 후보 당선되면 부동산 시장 어떻게 될까
-ighbDuyBbQ,이재명 후보 당선 시 부동산 시장의 변화
VMr1Po-3Olw,집에서 할 수 있는 중장년 운동 루틴 #정주호 #운동루틴
I3RQa_s7qEU,갭투자 계획이라면 '이런 곳'에 살아야 돈 법니다 #송희구
TI81QKb-j78,10대 대선 공약 전격 해부! 과연 부동산 시장의 미래는?!
hM4yWKnLCyM,★효과보장★ 거북목 퇴치 작전 #정주호 #거북목교정
puPs7poHpLc,"세입자 거주 중인 주택, 오히려 급매 기회다?! #송희구"
coNCQgbvaJE,"더이상 숨은 알짜 동네는 없어요 ""그냥 '여기'사세요"" (송희구 작가 2부)"
q2pS17SM1IY,평생 햄버거 먹기 vs 라면 먹기! 당신의 선택은?
WKLohuEqbG8,갈아타기 세 번이면 누구나 강남 입성 가능합니다 #송희구
XCDGL73zx3g,운동 안 하면 노후에 근육 35% 손실된다?! #정주호
MKDMjpaQaNc,트레이너도 놀라게 한 이병헌의 자기관리
ukDVobS8V-4,종잣돈 빨리 모으는 가장 현실적인 방법 #송희구
fCyhY94BuzI,종잣돈 2.5억으로 투자 가능한 최고의 단지는? #사연자고민해결
MB54BqzvIo0,천국의 계단 잘못 타면 지옥으로 갑니다 #정주호 #헬스
kQz-uZUhF2k,1주택자 갈아타기 ‘이렇게’하면 강남도 갑니다 (송희구 작가 1부)
8y3mooLNmAQ,"5월은 종합소득세 신고의 달! 세금 공제항목 잘 보세요 ""100만 원 그냥 법니다"" (문재완 세무사 풀버전)"
5Ioo8l5jvNI,100억 건물주의 눈물. 상속세 반도 못 받아요
6IY2ACil4es,부동산 세금 한눈에 이해하기
hdEZ5LHyf20,"스트레칭 아닙니다 ""운동 전 무조건 '이것'부터 하세요"" (정주호 원장 풀버전)"
_snz_1-rgvM,부부간 주식 증여 세금폭탄 피하는 법 #문재완 #주식거래 #증여세
teoa_NToazU,부부간 주택 증여 '이것' 모르면 큰일 납니다 #문재완 #증여세 #부동산거래
2p9Qp1vwDwA,"상속세 앞으로 이렇게 바뀐다?! ""받은 만큼만 내세요"""
3ftC7aZxtcU,거주 7년 차가 말하는 용인 '수지'의 단점
VnvfXWTQQps,상속세 증여세 절세 전략 (문재완 세무사 3부)
eX73KV1IFcU,강남 생활권 '수지'의 부동산 분위기
PiF9jVNysNE,"배우자 vs 본인, 신용카드 몰아주기! 소득공제 많이 받으려면? #문재완 #소득공제"
_0WlAVB5A2k,전문가들이 꼭 지키는 건강 습관 모음집
ZzOtLVsLEY8,"N잡러 종소세 신고, 회사에 알리기 싫다면? #문재완 #종소세 #연말정산"
9-axEbrXPK4,강남 대체 학군으로 뜨는 '이곳'
9YnlZOTBA-E,양도소득세 '이것' 놓치면 세금 폭탄 맞습니다 (문재완 세무사 2부)
BE18FJ2syU8,앞으로 호재 가득한 이곳! 수지 맞은 '수지'
awW-xkhoiLo,운동 성적이 증명한 최고의 운동 루틴 #정주호
kNZAJa0h2bk,종합소득세 절세 꿀팁 총정리! 이대로만 따라만하세요 (문재완 세무사 1부)
Z_eojTTQ9vM,스트레칭 아닙니다 운동 전 제발 '이것'부터 하세요 #정주호
L-dAtEca3Us,식후 5분만 따라하세요 혈당 내리는 제자리 운동 (정주호 원장 5부)
2Hi_gNvk3Sg,근력 운동 가장 효과적으로 하는 방법 #정주호
eehRLbIYDEo,밥을 먹어도 음식이 당기는 이유 #정주호
8qwiD0yoxsw,늦게 자고 늦게 일어나면 안 되는 이유 #정주호
F4UdlbkNVuo,이것' 부족할 때 운동하면 큰일 납니다 #정주호
yucr_TaFPeQ,서울 동부의 새로운 강자 강동구의 역습
gnyZZRsV66M,이것' 모르면 살 빼려다가 큰 코 다칩니다. 건강하려면 이대로만 따라하세요 (정주호 원장 4부)
MPNkQkvEW_Q,늙어서 고생 안 하려면 단백질은 꼭 '이렇게' 드세요 #정주호
UiIIQl6Q8G0,"노화 늦추는 최고의 운동 ""이렇게만 따라하세요"" (정주호 원장 3부)"
M5BITECyuiA,공포 vs 기회?! 부동산 전문가들의 예측! 2025 집값 전망은? (2025년 부동산 전망 모아보기)
8TUqzBAW0h0,스트레스로부터 몸을 보호하는 단 한 가지 방법 (정주호 원장 2부)
DvsXvBSQgic,"광명이 마피라고요?! ""지금이 기회입니다 '이곳'을 주목하세요"""
gUa69lFmi-g,저속노화를 위한 최고의 습관! '이렇게'만 따라하세요 (정주호 원장 1부)
rSkchiWU4gw,"부동산 폭락 시그널?! ""이런 현상 보이면 바로 집 사세요"" (조영광 연구원 풀버전)"
L3gdqk60z9U,이사 전 '민도(?)'를 체크해야 하는 이유 #조영광 #이사체크리스트
hDlLle4rQ6k,"무주택자 신혼부부, 내 집 마련 vs 전월세 vs 청약 #조영광"
oTAImHM2su0,"재건축 신화 끝났다?! ""그래도 이 '두 지역'은 무섭게 오를 겁니다"" (조영광 연구원 3부)"
YllID2utYsE,※필수시청※ 노후 준비 이 영상 하나로 끝내드립니다 (노후 대비책 모아보기)
nBKRiVOdZ2k,지금이 기회일까? 안전마진 최소 1억인 곳은?
F-yguKAu0bQ,초고가 아파트의 숨겨진 위험 '부동산 전문가가 절대 말해주지 않는 실패 사례'
UQsU_PKVDAQ,"저출산 시대, 내 아이 애지중지 키우고 싶다면 '이곳'으로 가세요 #조영광 #학군지"
W9Btwv8StUk,서울 출퇴근러를 위한 수도권 아파트 추천 #조영광 #빅데이터
ivF4IRr9E4M,학군지로 갈아타기?! 고민 말고 '이곳'으로 가세요 (조영광 연구원 2부)
cacx-xKcBSU,GTX 개통했는데도 집값 안 오른 이유 #조영광
WC-1jIzazeY,저출산 고령화 시대 '부동산 투자 방법'
9UJ86wxbxJw,천지개벽 '광명' 사람들이 모이는 이유
bfdQG4aQnjk,"인구감소 = 집값 폭락? ""미신에 속지 마세요"" #조영광"
CVQ7GxZbLok,"인구 감소하면 집값 떨어진다? ""모두 미신에 완벽히 속고 계십니다"" (조영광 연구원 1부)"
z_uHz2StYYA,부동산 투자처로 급부상한 '광명'의 숨은 의미는?
GMP5fejqwpY,금 & 은' 언제 사고 언제 팔까? 이 영상 하나로 싹 다 정리해 드립니다 (조규원 대표 풀버전)
13k-TKoA86g,"서울보다 비싼 이유 총정리 ""광명은 곧 완전히 달라질 거예요"""
-e7pNo3iGvo,토허제 재지정' 이후 부동산 시장 급변동 신호? 서울 집값 향방은?
9aYD_zL-cC8,금 사기 전에 무조건 봐야 하는 영상 #조규원 #금값 #주물금
xlun4c2eHxM,빠진 금니 다시 보자 금니 팔면 얼마? #조규원 #금
2HK9CeOIwIQ,"가장 효율적인 금 투자 방법! ""금 은 '이렇게' 투자하세요"" (조규원 대표 3부)"
TLxNL-mTU9A,"부자들은 지금 '이곳'을 주목하고 있습니다 ""강남을 따라잡을 동네는 바로 '이곳'입니다"" (터보832 풀버전)"
APbFCTIfqhM,잘나가던 강남 꼬마빌딩이 폭락한 이유 #터보832
vFko-T4iIo4,상위 0.1% 부자의 부동산 성공 투자 비법 #터보832
am-dLAUWtzo,"직접 경험해 보고 알았어요 ""투자는 '이렇게' 해야 무조건 성공합니다"" (터보832 3부)"
biD-m9kwBdY,무주택자라면 신청 가능한 '전세사기 절대 안 당하는 집!' 일단 신청부터 하세요!
pvdbiVJ5EpY,부자들 다 팔았다 이 지역 조심하세요 #터보832 #부촌
hwXCOcPBtuk,아파트 대신 소자본 빌라 투자? 제발 '이것'만은 주의하세요! #kb부동산
K-XYIbbay4M,“개발자들 다 떠난다고...?!” 무너지는 도시 판교의 반란!
5l-DUBrMsWI,전세계 다 금 모으는데 한국만 안 사는 이유 #조규원
2bFzBS1z8Y4,"전세계 탈달러화 시작?! ""금값 더 오릅니다"" #조규원"
SDlfNugVwxo,"현재 전세계가 미친듯이 금을 사 모으는 이유 ""각국의 금 확보 전쟁은 이미 시작됐습니다"" (조규원 대표 2부)"
RYG6MToKmIM,3.19 부동산 대책 긴급 진단! '집값 들썩'에 토허제 확대 지정?! 혼돈의 부동산 시장 전망은?
HkpQroDBwZg,저라면 몸테크 절대 안 합니다 #터보832 #구축
NrKxAkp4NVk,부자들이 부촌을 고집하는 이유 #터보832 #부촌
ir_XQD-eZX8,금 대신 투자하세요 두 배 오릅니다 #조규원
KkAdjrGxPdg,"부자들도 다 팔고 있습니다 ""앞으로 이 지역은 조심하세요"" (터보832 2부)"
xJpBO5j2yAs,자사고 & 특목고 진햑률 TOP3 학교는 어디?! #kb부동산
UMlGWgpYpNE,6~7억원으로 투자 가능한 아파트는 어디?!
wLK7HLXRu5g,"""학군지, 쾌적한 동네, 삶의 질 향상!"" 상급지 갈아타기, 강남 입성 지름길은 어디?!"
96zqyJlcif0,"한 번도 틀린 적 없습니다 ""금값, 앞으로 더 오릅니다"" (조규원 대표 1부)"
350iha_tK1E,내 집 마련 하기 전에 이 영상은 꼭 보세요 #터보832 #상위0.1%부자
7FBeshWlBTQ,금 시세 폭락?! 지금이 기회입니다 #조규원 #금
K-cZC7aGCvA,상위 0.1%부자가 보는 진짜 부자의 기준 #터보832 #부자
shqtwu_xeDM,"한국 부자들이 부자가 되는 과정 ""앞으로 이곳에 주목하세요"" (터보832 1부)"
52kDD4xYuBU,"당신의 노후 인생을 바꿔줄 단 한가지! ""이것 하나면 노후준비 끝납니다"" (이호선 교수 풀버전)"
-COT7LyQWaI,노후에는 제발 이런 곳에 사세요 #이호선교수
v_RILZmd-l0,저녁 9시가 넘으면 조용해지는 도시 #kb부동산
uZMIIBHFaEM,"제가 살아봤는데요, 전원주택 살지 마세요 #이호선교수 #kb부동산"
PZ2oVk3KPV4,과천에서 아이들이 순수하게 자라는 이유 #대장부 #kb부동산
pDDPF01S07Q,요즘 한국 2030세대가 빠지는 함정 #이호선교수
CX6_Cq-N3CY,어르신들이 자주 호통치는 슬픈 이유 #이호선교수 #노년의삶 #kb부동산
HFsrXKk97v0,노년기 혼밥이 수명을 단축시키는 이유 #이호선교수 #노후준비
1Hx8m_DDKfM,"제2의 성수동 꿈꿨던 문래동 철공소의 비명, 대변신의 시작일까...?"
0FT2Cc-Oeqw,지금 당장 자녀 노후연금을 들어야 하는 이유 #이호선교수 #노후연금
v7h4ke9J98s,집값 상승률 1위! 16년 동안 5배 상승한 지역은? #KB부동산
gMUOeGmlIus,"전원주택, 실버타운 아닙니다. ""노후에는 반드시 '이런 집'을 선택하세요!"" (이호선 교수 3부)"
C0qCQgZOGIE,"트럼프 ""한국 관세 미국의 4배"" 조준! 한국의 대비책은? (유신익 박사 풀버전)"
PIu2-33cesk,나의 노년을 지탱해 줄 단 한 가지를 뽑으라면 저는 '이것'을 고르겠습니다 (이호선 교수 2부)
U0qBkvCVlR4,한국이 인도처럼 바뀌어야 하는 이유 #유신익 #한국 #인도 #관세
F3ed8aMKO3k,집값 상승률 1위 '과천'은 어떻게 강남을 뛰어 넘었나...?
oUaIqRO2ddY,늙은 나'를 '부모'라고 생각해야 하는 이유 #이호선교수
3IKb40-JS-c,꼭 섭취해야 할 필수 영양소 4가지 #이호선교수 #영양제 #건강 #노후준비
N61QMa-JFKk,중년에 준비 안 하면 가장 후회할 단 '한가지' #이호선교수 #중년 #노후준비
ScDtdePqV-M,노후를 100% 바꿔줄 중년 3대 원칙! 인생이 달라집니다 (이호선 교수 1부)
FD0e8-349RY,트럼프가 생각하는 비트코인의 놀라운 가치 #유신익
PUk1O_havds,트럼프의 관세 폭탄은 오히려 한국에 기회다?! #유신익 #관세폭탄 #트럼프 #한국경제
OncKJWXGtzg,"트럼프의 관세 폭탄?! ""한국은 지금이 역대급 기회입니다"" (유신익 박사 3부)"
OAgfguQ0Iw4,"괴물 용적률 '닭장아파트' 탄생, 대체 왜 이렇게 지어야했을까?"
VatnerrCo7Q,"트럼프의 선택 '일론 머스크?', 일론 머스크가 트럼프에 올인한 이유 (유신익 박사 2부)"
_FjO73Jj7sY,사랑스러운 트럼프 대통령?! #유신익
8-SmG-DDuuE,미국식 땅따먹기?! 트럼프의 진짜 속내 #유신익
nvJQkTOVQD4,"미국 발 혼돈의 세계 정세 ""트럼프가 '어떤 사람'인지 먼저 파악해야 합니다"" (유신익 박사 1부)"
1vFMeEsq9RA,"심상치 않은 서울 집값 흐름 ""저라면 '이때' 집 삽니다"" (김제경 풀버전)"
kf8o07tG4CI,현재 한국 부동산이 최악의 상황인 이유
bLHx-i7Qd2k,"여기에서만 알려드립니다. ""재개발·재건축 투자는 '이것'부터 거르세요"" (김제경 소장 3부)"
YVhnMYz1b3Y,부동산에서 워터파크가 중요한 이유 #김경필
3ipxvoNvVGc,구축 vs 신축 지금은 답이 없어요 #김제경
Nbb9ltkY0Jo,서울 집값이 비싸지 않은 이유 #김제경
CtWjLTbuFCg,구축 vs 신축?! 지금 '여기' 사세요 10년 뒤면 대박납니다 (김제경 소장 2부)
5y0yalc2skw,"회사 취직 vs 돈 많이 버는 기술직, 당신의 선택은?"
lIybaKNveqo,역대급 공실률! 잔혹한 현실과 마주한 동대문의 미래는?
6KlOaJWP7EY,"공포의 하락장 2025년 ""호가 낮춰도 안 팔린다?!"" 현재 부동산 시장이 비상인 이유 (김제경 소장 1부)"
a6dN7CONAdk,"노후 준비를 위한 가장 확실한 단 한 가지 방법! ""제발 이것은 당장 실행하세요! 노후가 행복해집니다"" (김경필 머니트레이너 풀버전)"
sLJ4GD-X-as,"내 집 마련 시 꼭 체크해야 할 리스트는?! ""절대 놓치면 안 됩니다"" (김경필 머니트레이너 4부)"
KNdtqxIGhMg,내 집 마련은 얼마 정도 모아야 가능할까? #연령별인터뷰
SNmvjOGDGz4,2025년 설날 이후 부동산 시장! '이렇게' 될 겁니다 #김제경 소장
78sWszem5q0,성심당의 도시 '대전'이 지금 갈림길에 선 이유
BwdrtVrGD5U,주식 투자하려면 '여기'에 하세요! #김경필
AIRIN16SUE8,미국 주식' 지금이라도 사야 하냐고요? 이 영상 하나로 정리해 드립니다. (김경필 머니트레이너 3부)
e9LPR-b944Y,2025년이 기회? 내 집 마련 '이렇게' 준비하세요 #김경필
nNVFmEZMD8c,지금 '이만큼' 저축 안 하면 평생 돈 못 모읍니다 #김경필
C5CGrHAKKGU,"무주택자는 집 사지 마세요! 곧 기회 옵니다 ""지금은 제발 '이것'부터 하세요"" (김경필 머니트레이너 2부)"
azNVpHf1Hn0,사회적 문제로 떠오른 '쉬는 청년'! 연령별 반응은? #길거리 인터뷰
MdyXZg6pJKs,당신이 돈을 못 모으는 결정적 이유 #김경필
dtmmRaEPow4,첫 번째 신혼집이 남은 인생을 좌우합니다 #김경필
fGHCNLaN1xs,모을 돈이 없다면 지금 당장 '이것'부터 시작하세요! 부자될 수 있는 지름길 입니다 (김경필 머니트레이너 1부)
43jBfYgXaqI,서른 중반이면 얼마를 모아야 할까? #세대별반응
3pzCIMteRBM,최악의 위기 삼성전자! 평택도 덩달아 무너지나...?
5Xp1feH8e6Y,"공급부족, 집값상승? ""위험한 생각입니다"" #이광수대표"
MPc0pgDJ1f0,"부동산 전망, 올해가 더 무서운 이유 ""내 집 마련은 꼭 '이때' 하세요"" (이광수 대표 풀버전)"
iouy55i0vE8,청약 통장에 25만원씩 넣으면 득일까? 실일까?
Emp2BdxHZNw,"2025년 실패 없는 투자 비법, '이렇게'만 따라하세요 (이광수 대표 4부)"
npTlRlwKWxU,"2025년, 한국 부동산 암흑기 시작?! “무주택자에겐 기회입니다” (이광수 대표 3부)"
ZXcn65CrBZo,결혼 꼭 해야할까? [세대별 반응]
tTYDvFNBz48,전세사기 최다 지역 불명예! 관악구의 미래는?
L1xSmlZYh1g,"2025 부동산 시장이 하락할 수밖에 없는 이유 ""과거와 패턴이 똑같아요"" (이광수 대표 2부)"
mkPKgZu-SzA,"""데이터가 말하고 있어요"" 2025년 부동산 집값이 영상 하나로 정리해 드립니다 (김경민 교수 풀버전)"
edQTcSTv95g,"최악의 부동산 하락 신호 떴다! ""무주택자, 곧 기회 옵니다"" (이광수 대표 1부)"
9lufJntNU4Y,대한민국이 울분 공화국이 된 이유
14A1sQbBrJs,더이상 공급물량이 없다! 예견된 집값 폭등?! 과연 해결 방안은? (김경민 교수 3부)
Pr86ML3XoXY,"충격적인 부동산 현실 ""매수 문의가 없어요"" #현장브리핑"
YkI3Wa5FsUA,전세사기 문제가 해결되지 않는 진짜 이유 #김경민 교수
6MbBvBrqQSQ,서울 아파트 전셋값이 폭등할 수밖에 없는 이유 #김경민 교수
doBiYokqDr4,전월세 시장에 나타난 이상 신호 내년 부동산 집값 '이렇게' 됩니다 (김경민 교수 2부)
Nj2aM1ogwfg,"대한민국 제2의 대도시 '부산'이 사라지고 있다?! ""정말 노인과 바다만 남는 걸까..."""
oSjAtnLLdyw,현재 서울 부동산 시장이 슈퍼사이클에 진입한 이유 #김경민교수
WEcpz-Xqs8s,"서울 집값, 슈퍼사이클 진입했다?! 공포의 2025 부동산 전망 (김경민 교수 1부)"
me3gchRpEy0,IMF보다 힘든 경제 위기 '이렇게' 이겨내야 합니다 (김영익 교수 풀버전)
R5NLBX_oeag,"성장 멈춘 대한민국, 우리 경제는 어디로 갈까? #김영익교수 #shorts"
o73Zyri_hHk,"2025년 한국 경제 ""제발 '이렇게' 대비하세요"" (김영익 교수 3부)"
dhJjHs3CkFs,세대별 부동산 양극화 체감 #부동산양극화 #현실
mBHIztULPWw,"새파랗게 질린 코스피, 외국인 투자 언제 회복? #김영익교수 #shorts"
yhZ6EY-tJiw,"새로운 시대, 부자되는 필수 조건! 비트코인·금 투자 이렇게 해야 실패가 없습니다 (김영익 교수 2부)"
Lkjk7TzXJTw,트럼프발 관세 폭탄! 한국 경제 직격탄 될까? #김영익교수 #shorts
8oPhcXUUQMI,2025년 전 세계 돈의 흐름은 '이렇게' 바뀝니다. 달러 약세 시작되면 '이것'을 주목하세요 (김영익 교수 1부)
Rx5qzGpL6qU,둔촌주공 입주 시작! 사람들이 등 돌린 이유 #현장브리핑
_taaKPM7kTk,트럼프 당선이 한국에게 엄청난 기회인 이유 #김정호교수
JBVRuscjT6I,중국 경제가 망할 수밖에 없는 충격적인 이유 #김정호교수
fYFY2s6gufk,한국에는 있지만 미국에는 없는 두 가지 “한국에게 엄청난 기회입니다” (김정호 교수 풀버전)
yWLXd0vTkic,일본 시골 동네가 글로벌 도시가 될 수 있었던 이유
7fqCszW1gh4,현재 서울 아파트가 절대 거품이 아닌 이유 #김정호교수
K1qI7w-vrSg,"30년 후의 한국 부동산, 앞으로 '이런 곳'만 오릅니다 (김정호 교수 3부)"
eB2PwP1jonQ,"“한국, 세계 중심 된다?” 트럼프 당선이 한국에 초대박 기회인 이유 (김정호 교수 2부)"
BJuw3XngK7k,"""사업자 또 못 찾았다"" 16년째 표류중인 '위례신사선'과 '서부선', 대체 언제쯤 달릴 수 있을까?"
ilpcLJSHslk,"더 강력해진 트럼프의 귀환, 한반도가 위험하다?! (김정호 교수 1부)"
Qe3VPdH3QLo,주변에 '이런 사람' 있다면 오늘 당장 '손절'하세요!! (이헌주 교수 풀버전)
VaC0m08u_nM,이런 사람'은 오늘 당장 손절하세요 #이헌주교수
AYPImUuHkbk,일을 너무 잘해도 승진 못 하는 이유 #이헌주교수
NzlikQzvvoQ,"당신이 죽어라 일해도 승진 못하는 이유 ""이것부터 점검해보세요"" (이헌주 교수 3부)"
OanE0ZtEMF4,"인생이 달라지는 말투, 호감을 부르는 대화 기술 #shorts"
0k-zA-Wotx4,"""왜 사람들이 당신을 피할까?"" 사람을 끌어당기는 대화의 기술 (이헌주 교수 2부)"
tpnnDGoiJxY,화가 많은 사람을 대하는 최고의 방법 #이헌주교수
DK67YGoH7w0,수면시간 7시간 30분을 꼭 지켜야 하는 이유 #이헌주교수
Iq6s0EmWRC8,"""혹시 나도 분노조절장애?"" 휘몰아치는 감정 현명하게 다스리는 방법 (이헌주 교수 1부)"
qc8V6QI1lZM,"""모두가 속고 있습니다"" 요즘 고가 아파트 사는 사람들이 많은 진짜 이유 (이상우 대표 풀버전)"
_FTgwCCwHZA,반포보다 높은 재개발 공사비? 은평구에 무슨 일이?!
1JBSjWbmLqQ,반포보다 높은 공사비?! 멈춰버린 재건축 시계...과연 해결 방법은?
NEsonjFs9tw,"철도 개통 호재, 투자 적정 시기는? #shorts"
Jamb5F3uuik,대한민국 집값은 앞으로 '이런 곳'만 오릅니다 (이상우 대표 3부)
zU26epjHgO8,신축보다 비싼 구축? ‘얼죽신’보다 중요한 이것! #shorts
QEqr1gerc1c,신축도 구축도 아니다! 알짜 준신축에 눈 돌리는 이유 (이상우 대표 2부)
Y7rz2zHU3co,"초고층 아파트의 끔찍한 미래 ""이제 무너질 일만 남았어요"" (서동기 박사 풀버전)"
G70Sw839op4,혼돈의 전월세 시장! 주거비용 상승 원인은? #이상우대표 #shorts
tSUqGjKOIVc,"이러다 정말 큰일 납니다"" 무섭게 오르는 전월세 시장 앞으로 집값 이렇게 됩니다 (이상우 대표 1부)"
AaB2lviuJ2Q,한국 부동산이 '재건축' 대신 '리모델링'을 해야 하는 이유 #서동기 박사
RMVlIApQaLU,재건축 시대가 끝난 이유 #서동기박사
cC0FC5ijUEY,"내 집 마련을 꼭 해야하는 이유 ""단, '이때' 사세요"" #서동기박사"
xCV3wNYtd6E,지금은 엄청난 거품?! 한국 부동산 거품은 '이때' 사라집니다 #서동기박사
ViJv_hGxLxo,"""재건축 신화는 끝났습니다."" 대한민국 부동산 슬럼화 코앞...해결책은?! (서동기 박사 3부)"
pZA_-q_a3d8,현재 한국 부동산이 진짜 위험한 이유 #서동기 박사
rFbxxUTYWtI,과거 입주대란 악몽 재현되나...과연 둔촌주공은?
PhFGoj7zHbw,미국 대선 이후 경기침체 온다?! #서동기박사
Qve61sTq0TM,"아파트 공화국의 참담한 미래, 집값 정말 큰일 터진다?! (서동기 박사 2부)"
UJk6AtQn8uA,"""현재 집값 상승은 이상 현상입니다"" 한국 부동산 붕괴 조짐?! (서동기 박사 1부)"
vXBBb1c1LCU,"중년을 위한 최고의 슈퍼푸드 4가지 ""이렇게 먹으면 뱃살도 쏙 빠집니다"" (이진복 원장 풀버전)"
_3nEfmQHgNU,올림픽파크포레온 돌풍 온다 '둔촌주공 살리기' 성공?! 과연 부동산 시장 영향은?
ZR8jW4EThq0,내장지방 무조건 빠집니다! 내장지방 태우는 3가지 방법
MYsmv8_Oir4,남성 건강의 척도?! ‘이것’이 성인병의 원인
zW4JaLqfRTA,칼로리 줄이기는 독이다? 중년 다이어트의 숨겨진 비밀 (이진복 원장 4부)
ASZ2WRSPN_U,우리집에 이런 이웃이 산다면?! (심지어 집주인은...)
kFyF4tRGJXE,저탄고지 다이어트가 위험한 이유
gGsRPuDNxwA,오트밀의 불편한 진실 ‘독’을 먹고 있습니다
CRlL0HHwg5A,뱃살을 줄이고 싶다면 '이 방법'만 따라하세요 (이진복 원장 3부)
FcL98llTJBY,경매로 빌라를 사도 될까?
P17idtjumJ4,가장 비싼 땅 명동의 '아파트'는 어디?
wBo9A964pcE,아침에 먹는 ‘이것’ 다이어트에 최고입니다
7qJ7XzkYrC0,공공 분양 당첨 확률 높이는 방법 (feat.동작구 수방사)
zh4bkKviM_M,가장 비싼 땅 '명동'이 관광 명소가 될 수 밖에 없었던 이유
mrL54i0lGXc,간헐적 단식 제대로 하는 법
Xk5MqfACgpk,"""제가 직접 해봤습니다"" 간헐적 단식 단언컨대 이 방법이 가장 좋습니다 (이진복 원장 2부)"
r-Yj5z-LYA0,만약 나에게 5억이 있다면...?
Kt5vRB46qec,다이어트 성공하려면 두 가지 원칙만 지키세요
nlPl7bkAwsg,"살 잘 찌는 유형' 따로 있다?! 아침 공복, '이것'으로 뱃살 쏙 빼세요 (이진복 원장 1부)"
MYDsQStZqNA,"""지금 부동산 시장은 과거랑 비슷해요"" 집값 전고점 못 넘는 이유 (부룡 풀버전)"
YB0cqRNTMa0,30년 투자로 깨달은 '저평가 지역' 찾는 방법 #부룡
tFeLT0cwQdw,가장 비싼 땅 '명동'이 부활했다! 과연 명동의 잠재력은?
GEENLqopzaQ,앞으로 '천지개벽' 할 곳?! 저평가 아파트 고르는 노하우 알려드립니다 (부룡 3부)
52SLQrK-n_g,2030세대가 살고 싶은 집 vs 살고 싶지 않은 집
rxR_Kc7uG-s,무주택자에게 지금이 기회인 이유 #부룡
dQs1-bWFrT4,집값 환상 버리세요 '이런 곳'은 함부로 사면 위험합니다 (부룡 2부)
_DNM4b5KOdM,"난 얼마까지 대출 받을 수 있을까? LTV, DTI, DSR 용어 총정리!"
p_NfRYEIF40,"골고루 먹으면 골고루 병 걸립니다 ""밥 먹기 30분 전에는 꼭 '이것'을 드세요!"" (류은경 소장 풀버전)"
VPvzEVbwki0,제발 착각하지 마세요! 집값 전고점 넘기 힘듭니다 #부룡
Z1Up7N2sodA,"""지금 상승장 아닙니다! 착각 하시면 안 돼요"" 올해 하반기를 조심해야 하는 이유 (부룡 1부)"
3qvmNyQjqYU,징검다리 연휴를 알차게! 추천 핫플 모음.zip
g3urxG3xXxA,살이 안 빠지면 '이것'부터 확인하세요
l-RRT2gfLgw,지방간 싹 사라집니다 아침 공복 꼭 '이렇게' 드세요 (류은경 소장 4부)
7pmWOJ-LPrI,혈당 스파이크' 잡는 최고의 과일 레시피
1TqMIYHhNCY,골고루 잘 먹으면 골고루 병 잘 걸립니다 #류은경소장
OHn9MCE03Bs,‘이렇게’ 먹으면 노화도 막고 몸도 가벼워집니다 (류은경 소장 3부)
vf-WpyUylR0,"청약당첨 vs 로또당첨, 여러분의 선택은?"
7IEBZRuOSbs,"사업성 미지수' 1기 신도시 재건축, 거대한 프로젝트의 결말은?"
mt-al9fXedA,우유를 당장 끊어야 하는 이유
pxq7kHdbdRE,"""암세포도 빨리 자라요"" 지금부터라도 '이것' 당장 끊으세요 (류은경 소장 2부)"
9JSST58NUuc,"""제발 이런 잔소리는 멈춰주세요"""
AmiVLQBhuHo,"증가하는 자폐 스펙트럼, 원인은 바로 ‘이것’"
wC9ddK5UGlw,"소화에 독! 최악의 식습관, 밥 먹기 30분 전 '이것' 먹으면 몸에 독소가 싹 빠집니다 (류은경 소장 1부)"
1NICZzAzjkU,주담대...그 많은 돈은 언제 갚을까?
ZEudqwqMCaY,30년차 투자자의 청년들을 위한 조언 #아기곰
n43vWbhts0U,월급쟁이가 부자되는 가장 확실한 방법 (아기곰 3부)
U2WBm2TiQcE,"""저라면 '이런' 곳으로 이사갈 겁니다"" 길거리 즉석 밸런스 게임"
36O4SD7VJs4,청약이 오히려 독이 될 수 있는 이유 #아기곰
1HmtOMzhY7Q,무주택자가 내 집 마련하는 가장 현실적인 방법 (아기곰 2부)
e7gKMQeduCg,상품으로의 아파트 RR과 대단지는 얼마나 중요할까?
tgLeddrMC_E,"흥행 '팝업스토어' vs 죽어가는 '상권', 성수동의 미래는..?"
SPh3Wu7GsOg,현재 부동산 상승이 무서운 이유 #아기곰
BxrvnN9b294,"한국 부동산에 나타난 이상 신호?! 무주택자, 1주택자는 반드시 '이렇게' 하세요 (아기곰 1부)"
1VuQNsHoZf0,"""부동산 분위기 바뀌었다!"" 요즘 집값이 무섭게 오르는 이유는? (심형석 교수 풀버전)"
dOjt5nLBghA,"보증금 지키기! 전세사기, 쉽고 빠르게 예방하는 방법은?!"
IrftxDUMwKI,똘똘한 한 채의 새 기준? 이걸 보시면 됩니다!
3JsyuSfbNas,"30평 시대는 끝났다?! ""앞으로 이 평수가 오릅니다"" (심형석 교수 3부)"
v291kPfE_E4,서울 '6억 이하 한강뷰' 아파트는?!
CiCoSo-5Qs4,초품아? 역세권? 이제는 ‘이것’을 보세요!
C2wNcln1jO8,"앞으로 무섭게 오를 아파트, '이것'만 보시면 됩니다 (심형석 교수 2부)"
G3Za_k6P8FQ,"""집을 꼭 사야할까?"" MZ세대가 생각하는 부동산"
E4jrJbMbRaM,"무주택자 주목! ""지금이 매수 타이밍 입니다"""
640cPvKNe1E,"과거와 완전히 다른 흐름 ""집값 결국 이렇게 된다"" (심형석 교수 1부)"
wgc1xUNpyTE,신생아 특례대출: 1%대 금리로 내 집 마련
tJRwiC-LTC4,2024 하반기 로또청약 단지 총정리!
T1QWWCOtikE,"전 세계가 탈출한다! 중국의 몰락, 시진핑 리스크의 끝은..? (강준영 교수 풀버전)"
v-gk-FLm97Q,"8.8부동산 대책, 1분 안에 핵심만 알려드립니다"
4z6BY4yTrZU,중국은 도대체 왜! 문화 공정을 할까?
HIHW84B0UME,"""김치부터 한복까지"" 중국은 왜 한국 문화를 훔치려 하나..? (강준영 교수 3부)"
rzD7pcI-7xQ,미·중 패권전쟁 속 우리나라의 선택은?!
yPuIwDJJ3oQ,40년 만에 터진 최악의 위기?! '진짜 중국' 상황 알려드립니다 (강준영 교수 2부)
EE8I1B0Trl8,최대 '6천만 원 무이자 지원받고' 거주할 수 있는 집을 알려드립니다
m6AKaIrT5J8,임장 체크리스트 : 발품은 필수
r59GrFQfRoE,위기의 중국 경제! 악순환에 빠진 이유는?
-oEjWmuInwE,사상 초유의 위기 중국 경제! 탈중국 현상 심화...과연 미래는? (강준영 교수 1부)
f2BW8BSqD34,"자산 200억 만든 투자 비결 ""부동산은 이렇게 접근하세요"" (송희구 작가 풀버전)"
tCDPBleXfWg,"종작돈 1억 5천~2억, 금액별 추천 지역 #송희구"
n4fUt9UDIlI,"종잣돈 3~5억, 금액별 추천 지역 #송희구"
H_2oquMKZKU,"200억 자산가의 금액대별 투자 전략 대공개! ""다 알려드립니다"" (송희구 작가 3부)"
v6Xv-85YgMc,지금 부동산 시장이 무서운 이유 #표영호
baTUBA0yLPw,"수도권 6~7억대 아파트, 저라면 '이곳'을 살 겁니다 #송희구"
iXN6mdgql3U,앞으로 10~15년 부동산 대세가 될 곳
kw6VYB8j78I,수도권 가성비 아파트 아직 많이 있습니다. '이런 곳'에 투자하세요 (송희구 작가 2부)
LFu4vQbOOg0,약 상승 중인 부동산 시장?! '이때'를 조심해야 합니다
3FIsxxqDE4c,청약제도 개편! 결혼 패널티가 사라졌어요
rSEWWwCGw38,"상승장 시작?! 과거와는 다른 흐름... ""제발 속지 마세요"" (표영호 풀버전)"
x_cWv64xj0E,이것' 갖춘 아파트가 앞으로도 상승합니다 (송희구 1부)
y1U4IT-N8Ug,지금은 너무 불확실한 시장! 내 집 마련은 '이때' 하세요 (표영호 3부)
6l3WJoQZP7c,"""제발 허술한 법을 바꿔주세요! 빌라는 나쁜 게 아닙니다"" #표영호"
TuNHFaPXWp0,"피 바람 부는 빌라시장, 실상은 이렇습니다. 앞으로 '이곳'을 주목하세요 (표영호 2부)"
CeeaJp8yRmw,통장 잔고 늘어나는 최고의 자산관리 방법은? (김현우 소장 풀버전)
pDiXjSKJWC0,"현재 대한민국의 집값, ‘버블’이 확실한 이유는?!"
_cp9nM4Qi4g,"""일시적 반등에 조바심 내면 후회합니다. 데드 캣 바운스에 유의하세요"" (표영호 1부)"
weic9eKVukk,아파트 하자 문제! 7월부터 바뀌는 사전점검은?!
kMCPUkaopBk,청약통장 깰까? 말까? 한 방에 알려드립니다
4TCBvkQcdsQ,은퇴 후 연금 400만원 받는 방법?! 노후는 '이렇게' 준비하세요 (김현우 소장 3부)
MsUsMw-mi0E,"이율 높은 예금·적금, '이것'으로 가입하면 됩니다"
Ton2hKc6jtk,1억 모으기 전에 '이것'부터 하세요! 그래야 빨리 모을 수 있습니다 (김현우 소장 2부)
AO9j47xM03g,진짜 위기는 시작도 안했습니다. 한국 경제의 트리거 '부동산'이 위험한 이유 (박상인 교수 풀버전)
UgHTxIKH0_M,같은 월급 받아도 돈 못모으는 결정적 이유?!
f23sNU-Dd-Q,월급 500만 원 받아도 돈이 안 모이는 이유! 당장 '이것'부터 끊어야 합니다. (김현우 소장 1부)
VJSD0kOuimM,"불치병 걸린 한국 부동산 ""앞으로 10년, 진짜 위험한 게 옵니다"" (박상인 교수 3부)"
DYT4IwAWIEM,아파트 vs 빌라 : 둘의 분명한 차이는?
yy88XSjN4uY,용인 반도체 클러스터 성공 가능할까?
yFzsadNpwLA,환승 없이 강남까지 출퇴근 가능한 가성비 역세권 단지는?!
bzQoodjuUps,"일본보다 심각한 한국, 최악의 경제 상황"
rstU-jtI2bg,"심각한 한국의 경제 상황 ""이러다 삼성, 하이닉스도 떠납니다"" (박상인 교수 2부)"
jxhZehMS0HE,현재 우리나라가 위기인 진짜 이유
izTSNRGvrvE,가계부채 많다고 경제 위기 안 옵니다 #한국경제 #박상인교수
ru8A7Mcl37s,가족 사망 후 휴대전화 해지하면 안 되는 이유 (이장원 세무사 풀버전)
9Es0-wrDHo4,"역사상 최악의 시나리오 ""한국 경제, 이대로 가면 큰일 납니다"" (박상인 교수 1부)"
G5b_xhwmZ0U,"부모님이 대신 낸 보험료, 세금폭탄 맞을 수 있다?!"
zT2ZQfN7VdU,7호선 연장에 GTX 호재까지! 청라신도시 따라잡은 동네는?
e8qv680_2d0,더치페이 조심하세요! 잘못하면 세무조사까지?
WGTDAZHktzA,"평생 세금 걱정 없는 현금 증여 방법이 있다?! ""증여세 안 내도 됩니다"" (이장원 세무사 4부)"
xfRexdzFg-o,나도 몰랐던 땅이 있다?! 숨겨진 조상 땅 찾는 방법
QBLX2GsgG9Q,"상속세 '이렇게' 하면 반 이상 줄어듭니다 ""제발 미리 준비하세요"" (이장원 세무사 3부)"
pECQXw8UCaM,나만의 주거기준 세우기 : 좋은 집을 구하기 위한 요소 5
6KF5a1UcyU8,강남까지 환승없이 출퇴근 가능한 가성비 역세권 단지는?
cs4VXwg4F7g,"상속받은 아파트, 취득세 낮추는 방법이 있다?"
g1m0AsjEZXc,부모님 돌아가신 후 6개월이 가장 중요합니다. '이렇게' 안 하면 세금폭탄 맞습니다. (이장원 세무사 2부)
gk4VYXV3NvE,가족 사망 후 휴대전화 해지하면 안 되는 이유
kmpV2zoplec,부모님 돌아가시고 3개월! 빚 대물림을 막을 수 있다?
TkAq9kLt-tY,"""당장 휴대폰부터 챙기세요"" 부모님 사망 후 '이것' 안 하면 세금 폭탄 맞습니다 (이장원 세무사 1부)"
wDxVEXfy2bQ,은퇴 후 '제2의 인생' 성공하려면 '이렇게' 하세요
tXe1BvzI8iU,"부동산PF 역대급 빚더미 폭발! ""위기입니다. 집은 제발 '이때' 사세요!"" (특집 토론 풀버전)"
sbIfe-Ie1Z0,"""40대에는 저축하지 마세요"""
o9WNJTCrvzE,한국 부동산 구조부터 바꿔야 하는 이유
WPjRwCGDrV4,붕괴된 주거 사다리?! 집은 ‘이때’ 사세요 (특집 토론 4부)
W2LiXnXS8sY,갭투자의 의의 : 하이리스크 하이리턴
kDg2YGR-H-o,자산 500억 있어도 행복하지 않은 이유
ZX3HZo0KHSQ,3년 만에 10억 갚고 건물주 된 방법 #단희쌤
9W8TII9uumU,"60년대생이 온다, 집값 급락 징조?!"
Er0xMNbfhLU,60대 이상 매도 물량 급증? 위험 신호 터진 한국 부동산?! (특집 토론 3부)
BEwONnAQ1H8,"올해, 급매 잡을 수 있는 절호의 기회?!"
KktWFMMvD-s,하반기 부동산 시장 하락 vs 반등? '역대급 급매 기회?!' 전문가 3인의 치열한 집값 토론 2차전! (특집 토론 2부)
QCqeJe16cEs,노후 파산 피하려면? 은퇴 후 ‘인생 2막’ 설계는 이렇게 하세요 (단희쌤 풀버전)
srhBApmXp6A,현재 부동산 흐름이 지속되기 어려운 이유
8ovI7T-q-vY,GTX-A 연말 완공 예정! 대장주의 심상치 않은 움직임?!
D6D5vyrirFU,총선 이후 부동산 시장 분위기 달라졌다?! 앞으로 전망은?
56urz8iwfN0,총선 이후 부동산 긴급 점검! '위기론 현실화될까…?' 이 영상 하나로 정리해 드립니다 (특집 토론 1부)
sIKaPsvj0Q0,"부동산 투자, 은퇴자에게 올해가 기회일 수 있습니다. 단! 4가지를 꼭 주의하세요 (이의상 대표_단희쌤 3부)"
87D_lgPtSBY,등기사항전부증명서에서 '갑구'도 꼭 확인해야 하는 이유
G9sQXyc--VY,재개발 절차와 투자의 장단점 : 새로운 주거환경 + 새 아파트
WU0v45uYXBU,GTX 호재 저평가 지역?! 지금 외지인이 00으로 몰리는 이유
1SVBkazcoJs,2억으로 '이렇게' 은퇴 계획하세요! 자산 상황별 노후 준비 방법 대공개 (이의상 대표_단희쌤 2부)
ybhxI85fjYA,"""앞으로 집값 정말 위험합니다."" 고개든 부동산 위기설, 정말 조심해야 하는 이유 (전영수 교수 풀버전)"
jBLKoSLMZM0,"""5060 필수 시청"" 돈, 건강, 외로움 중년의 3대 재앙 이렇게 끊어내세요 (이의상 대표_단희쌤 1부)"
thajoDqlPss,현미도 잘못 먹으면 '독'이 됩니다. 올바른 현미 섭취법은 '이것' 입니다 (이계호 교수 풀버전)
r5TcFyg-bxU,더 내고 더 받자! 연금개혁의 진짜 해법은?
DJApS2qZ8ig,경험하지 못할 일 벌어진다! 진짜 무서운게 오고 있습니다 (전영수 교수 3부)
t2NSd4k75MU,굶지 않아도 됩니다! 살 빠지는 기적의 식사법
WDJfxz5KPTQ,"간헐적 단식, 오히려 다이어트에 독이 된다?! 99%가 잘못 알고 있는 '이것'은? (이계호 교수 3부)"
Xqn-kMnw01g,"월 200만 원대 도심형 실버타운! ""대형 스파 시설 보유"""
4HDl-5A94Bg,80세 할아버지가 실버타운에 간 이유
ZvkVU6kzUL8,80세 할아버지가 실버타운에 간 이유 ‘도심 속 실버타운 생활 대공개!’
R140T9Iu6I0,"결혼하지 않는 청년, 해법은 주거비에 있다"
drdxYGY1xtU,"결혼 거부하는 사회, 예견된 부동산의 몰락?! (전영수 교수 2부)"
RY1vpdP1Oe8,하루에 물 2L 마시면 안 되는 이유
zn3Lg3-jeoU,"""하루 물 2L마시면 큰일난다?!"" 99%가 잘못 알고있는 하루 물 권장량의 진실 (이계호 교수 2부)"
fqV_DKc5yYw,"서초구 저평가 지역, 대규모 분양 예정?!"
9T26mrkRSrQ,재건축 절차 투자의 장단점: 당장은 불편해도 버티면 새 아파트
XKHfWdFGCCA,과연 제2의 반포 될까? 재건축 사업지만 무려 10곳! 방배동의 기대되는 미래
-5JnMy4oloY,10년 뒤에 사라지는 한국! K-저출산이 위험한 이유
cD5k1wJj7fg,"저출생이 불러온 한국의 끔찍한 미래 ""생존하려면 ‘이것’부터 바꿔라"" (전영수 교수 1부)"
wgSDXg4KbdU,좋은 음식을 먹어도 독이 되는 이유
Mfe3NJRJIpQ,"30년 연구로 깨달은 놀라운 학습법 ""공부한 것을 평생 기억하고 싶다면 이렇게 하세요"" (박문호 박사 풀버전)"
RIXeClz5wVQ,현미의 불편한 진실! ‘독’을 먹고 있습니다
SCTqaWOrP_w,"""좋은 음식도 발암물질이 될 수 있습니다. 대부분 '이것'을 놓치고 있어요"" (이계호 교수 1부)"
DwsUwo-Q144,"위기의 한국 부동산 시장 ""제발 이런 집은 사지 마세요"" (김학렬 소장 풀버전)"
BntSUlrcQ10,국민평형 아파트 가격 40억 넘는 곳😱
4WH5TUz5Y10,치열한 대장 싸움! 반포 재건축 현장에 다녀왔습니다
d1IqOjvnxPE,미국을 지배하는 2.5% 유대인의 비밀
i6TROhG6DMc,"세계 인구 0.2%의 기적, 유대인 성공의 미스터리 (박문호 박사 4부)"
e6pKc5AlfF4,내 집 마련 후 뼈저리게 후회하는 이유
BnnvQIDzrCQ,한번 공부한 것을 절대 까먹지 않는 방법
pqYvNWoVAy0,서울 진입장벽이 높다면 '이곳'을 주목하세요
vUNQn94lV_8,인구 감소해도 '이런 지역'은 살아남습니다
1OnkK-f1hpc,"서울 말고 집값 오를 곳은 바로 '여기'입니다. ""지금 집 사려는 분들은 제발 '이런 집'을 사세요."" (김학렬 소장 2부)"
oppstwnYThA,청년주택드림청약통장
51Sv8qJ0u_k,홍대 게스트하우스 수익률이 이 정도라고요?! [임장가자 EP.12]
U87wB0o_v0Q,공부한 것을 100% 흡수하는 방법! “아무리 생각해도 공부는 이게 답입니다.” (박문호 박사 3부)
lP3pdcV3rwg,전세 계약 전 '이것' 확인 안 하면 큰일납니다
yK4bUxNvKBY,5억짜리 아파트 주택연금 실수령액은? (김경록 고문 풀버전)
HpQAhlpq6eU,"최악의 부동산 하락장! ""그래도 '이런 곳'은 계속 오릅니다"" (김학렬 소장 1부)"
Je1eWDRnD4s,반려동물 키운다면 필수시청! 댕댕이가 좋아할 핫플레이스 싹~다 모았습니다!
Owt_a4IVSbk,가장 확실한 노후준비 '이것'만 따라하세요
hejERe8WSXE,죽을 때까지 일하는 시대가 왔다! 은퇴 후 월 500만 원 '이렇게' 준비하세요 (김경록 고문 3부)
jZc0GPY30DU,IQ 낮아도 공부 잘하는 가장 현실적인 방법
raqA3WItofc,"IQ 낮아도 명문대 갈 수 있습니다. ""저도 이 공부법으로 자녀 교육했어요"" (박문호 박사 2부)"
1L-7ahzX9jc,대치동에 강남 엄마들이 몰리는 이유! '교육열 1위 동네에 다녀왔습니다'
QRohCgbLrAY,"5억짜리 아파트, 주택연금 실수령액은?"
QUzxyySqkhM,"""집 한 채로는 위험합니다"" 나이들기 전에 '이것'부터 꼭 준비하세요 (김경록 고문 2부)"
4wGziB9ZJOU,"멘탈이 약하다면? ""이유는 딱 한 가지 입니다"""
-2mVOXdCVAc,"뇌'만 30년 연구했습니다. ""멘탈이 강해지는 방법은 딱 한 가지입니다"" (박문호 박사 1부)"
gGuWkhDOm_g,"집만 부수면 재건축, 다 부수면 재개발"
SQaAOhreC_k,"중국의 위기, 한국은 돈 축제 시작?! ""새로운 시대를 끌고 가야 합니다"""
IOWkQc3FDSw,"한국 부동산 최고의 안전자산은 바로 이곳! 계획만 봐도 고오-급 느낌 물씬~! ""엄청납니다"""
zhv9Tszct8Y,놓치면 후회합니다! 노후 준비 골든타임은 ‘이때’
x6ocWH4ckbw,"노후 준비에도 골든타임이 있습니다 ""제발 이렇게 준비하세요"" (김경록 고문 1부)"
z5kVemDiK2Y,"중국의 끔찍한 몰락! 세계의 분열, 신냉전시대...과연 한국의 미래는? (김정호 교수 풀버전)"
2tWfkHw0PRQ,미국이 대만을 100% 신뢰할 수 없는 이유
l88G8HEwxzo,"최악의 위기에 직면한 중국 ""중국은 앞으로 추락할 일만 남았어요"" (김정호 교수 4부)"
tx3YJiC1hl8,"""엄마 죄송해요...전세 사기 당했어요..."" 첫 자취 3개월만에 날벼락 같은 소식"
LEKWRNJd12Y,[실버버튼 이벤트] 댓글 달고 경품 받아 가세요~🥰
vp5oUHIHNxk,요즘 송도에 관심이 많다던데...' 송도가 이슈인 이유를 찾아왔습니다 [임장가자 EP.10]
4kg_oRkYsWA,두 개의 전쟁 끝?! 대변수는 '이것'
ki2C8yudduc,"세계의 분열! 신냉전 시대, 한국의 생존 전략은? ""한국만 모르는 역대급 기회가 있습니다"" (김정호 교수 3부)"
NJQCVp7Uen8,"성공한 사람들이 반드시 지키는 원칙 단 한 가지! ""인생을 바꾸고 싶다면 '이것'부터 끊으세요"" (유영만 교수 풀버전)"
Yvq-roKqpvk,행복한 노후를 위해 꼭 끊어야 할 한가지
nkP87loRYPs,끔찍한 노후' 피하려면 제발 생각을 바꾸세요 (유영만 교수 3부)
eUWN_VkjCZc,분양권 매입 무작정 따라하기 step5
uBvcaSdA8Ak,"전쟁 위기에 놓인 한국, 반드시 해야 할 한가지"
oOghugI8r8Y,북한이 핵을 만드는 결정적 이유
7W5U7MJYUwg,"북한의 예사롭지 않은 정황, 결코 남의 일이 아닌 한반도 시나리오?! (김정호 교수 2부)"
cOoYBLbsJlQ,당신의 삶을 바꿔줄 최고의 투자 방법은 바로 '이것'입니다
-PpQJnf3IOo,성공하고 싶다면 '여기'에 투자하세요. 놀라운 변화가 일어납니다. (유영만 교수 2부)
_WI_pNnEqlk,진짜 위기 오나...' 한국이 큰일 난 이유
nyijzwf58vo,"탁~트인 송도 시티뷰 셀프 인테리어! ""집값이 2배 뛰었어요"" [임장가자 EP.09]"
C_Mq2bAown4,트럼프 재집권 시 전 세계에 벌어질 끔찍한 일은?!
oeWFnMEt_gg,우리나라 큰일 났다! 트럼프가 당선되면 전 세계에 벌어질 일은?! (김정호 교수 1부)
0RqlHfcZkT4,지금 절대 집 사지 마세요 '이때' 싸게 살 기회 옵니다 (김기원 대표 풀버전)
kuTWChh5Plk,성공한 사람들이 반드시 지키는 언어 사용 원칙
zfVweWYI8iQ,인생이 꼬인다면 반드시 점검해야 할 1순위는 바로 '이것' 입니다. (유영만 교수 1부)
uxHe7H-XsdU,청약 신청방법 무작정 따라하기 STEP 5
Y5inVz2yp3E,용산국제업무지구 부활에 기대감 상승! 용산 아파트 현재 상황은?
6TSk8lIW_Vs,부동산 시장 안정화 '이때' 됩니다
UfEKe-b4S2g,집값 바닥은 이렇게 보는 겁니다. 제발 이 '신호'를 확인하세요 (김기원 대표 2부)
Pzi-3ur0ZtY,"한국 부동산 ""최대 40% 하락할 겁니다"""
_65mu_vNKlw,"죽은 도시 살리려면 '이것' 무조건 필요합니다. 한국, 지방소멸 막으려면...? (김시덕 박사 풀버전)"
Ks88AmPQ5Gw,2024년 집값 전망은?! 총선 이후가 진짜입니다
6CEkXotSIRU,"집값, 앞으로 2년이 고비! '여기'까지 떨어질 각오해야 합니다. (김기원 대표 1부)"
SC72jG5pAvM,제발 환상을 버리세요 'GTX는 철도'입니다 #김시덕 #KB부동산
IXh_nXFgp_U,"""GTX는 환상입니다"" 죽어가는 도시는 '이것' 때문에 부활했어요 (김시덕 박사 3부)"
iupKaDlCLQI,이것'이 있어야 행복한 인간관계를 이어갈 수 있습니다 (김경일 교수 풀버전)
AQnYC1UB0E4,KB부동산 커뮤니티에 글 쓰고 10만 포인트 받아가세요!
VFYRf7gsDUc,전·월세 계약 전에 KB부동산에서 무료로 전세안전진단 서비스 받으세요!
CKYRlWpEly8,서울의 미래를 결정할 마지막 핵심은 '이곳'입니다 #김시덕 #KB부동산
BrSrBgsOdU0,미래에 강남 뛰어넘을 곳! '이곳'에 엄청난 가치가 숨어있습니다 (김시덕 박사 2부)
XDPYJCcjFvU,"청약통장, 매달 얼마씩 넣는게 좋을까?"
_FqIou6_t14,진짜 부자들이 강남 말고 '이곳'에 사는 이유! 재개발 계획만 봐도 엄청납니다.
kBJXiaaiuAY,인간관계에서 '외로움'이 무서운 이유
UNjuFu1a1Cs,주변에 이런 사람 있다면 지금 당장 관계를 끊으세요 (김경일 교수 2부)
PoUBf-2nT7g,"한국 부동산, 안타깝지만 앞으로 '이런 곳'만 살아남습니다"
AjfLCfylFV0,"극단으로 치닫는 부동산 시장 ""결국 이런 곳만 살아남습니다"" (김시덕 도시문헌학자 1부)"
hBtrJmSLcmg,강남 못지않은 인기! 신혼부부가 선호하는 GTX호재 지역은? [임장가자 EP.08]
sKyOdXpOnn8,노후 파산하는 사람들의 특징 #김경일교수
saqyF9fT1RI,이것' 모르면 폭망합니다. 나이 들수록 더 잘 사는 사람들의 특징은? (김경일 교수 1부)
a2wM0RE2R5I,트럼프가 또 당선되면 한반도에 벌어질 일?
aHu5yn5M56E,이제 현금 쓸 기회가 옵니다 이 흐름을 주목하세요 (김광석 교수 풀버전)
FNO32KUu_EQ,"""고금리 시대의 종말"" 이번 금리 인하는 다르다!"
v5QHl7IyTgU,미국 금리 인하 가능성 '뚝' 우리가 준비해야 할 것은? (김광석 교수 3부)
sHbFEj8slqA,"가점제와 추첨제, 무슨 차이?"
Ti6lH5KAd7Y,노원구에도 50층 초고층 아파트 지어질까? 현재 사람들이 가장 몰리는 곳은?! [임장가자 EP.07]
wGtXPyff1IE,"붕괴 직전 중국?! ""중국 기업마저 떠난다"""
T4I3hp_SJpg,"붕괴 직전 중국! ""중국 기업마저 떠난다"" 나락으로 가는 중국 경제 vs 일본의 잃어버린 30년...한국의 경제 탈출구는?! (김광석 교수 2부)"
Ed1Sc1NcBgQ,"한국의 장기침체 현상, 중국에서 해답을 찾아라!"
zeGQJ7T0njA,"2024년, 금리 인하 된다?! 자산시장 분위기는 '이렇게' 바뀝니다 (김광석 교수 1부)"
L_0gQEjwvHo,"2024년 경제 전망, 이 영상 하나로 확실하게 정리해 드립니다. (김영익 교수 풀버전)"
WlnpxvwAoP0,"1.10대책 수혜지, 발표하기도 전에 다녀왔습니다. 재건축 패스트트랙, 얼마나 효과 볼까? [임장가자 EP.06]"
oz0b0s1YTh4,"한국 역사상 최악의 위기, 집값 이렇게 됩니다!"
Ro_8bQ6BN-M,"한국 역사상 최악의 위기 온다. ""집값, 특히 이곳은 강한 하락 예상됩니다"" (김영익 교수 3부)"
4USvjWXi-_M,지구에서 제일 빨리 사라질 나라 '한국'?!
l9A6C7UKFn4,2024년 최악의 경기 침체 옵니다. 이 위기를 극복하기 위해서는 '이것'을 해야 합니다 (김영익 교수 2부)
gSdhPxw4sc0,청약통장 없이 청약하는 방법
oYWoPL1BGyM,1기 신도시 특별법 약발 있다? 없다?! 노원구 재건축 현황 총정리! [임장가자 EP.05]
YwNahEunRZo,자산을 늘리고 싶다면 '이 때'가 기회입니다
pga2twk4F-0,2024년에 부를 쌓을 기회가 옵니다. '이것'부터 사 모으세요! (김영익 교수 1부)
ZxVc75coaxE,건설사 위기! 빚더미에 눌린 한국 부동산...공포의 2024년 부동산 전망은? (연말특집토론 풀버전)
Z92WYhaBNz0,"내 집이 있어도, 아니 없어도 주목!!!!"
XfW6o9eozes,올해는 집사고 싶으면 무조건 보세요
AHl4FqLQZoM,"""집은 제발 '이때' 사세요!"""
o98bER3f3GA,"충격 연구! 불안한 주거환경, 비만 흡연보다 노화 앞당긴다? 실수요자를 위한 '내 집 마련' 현실적인 전략 대방출! (연말특집토론 4부)"
0PC27LS1E1A,"마피・무피・초피, 대체 뭐죠? 부동산 프리미엄의 세계"
8DSsKxUv3OE,"부동산PF 문제, 집값 상승 요인이다?!"
4ZjqwbuQOSg,한국 가계 빚 세계 1위에 부동산발 PF위기까지...2024 부동산 전망은?! (연말특집토론 3부)
Ch_bfxlZoaY,2024년에 집값이 하락할 수 밖에 없는 이유
Wi7SXbbmE3M,불꽃 튀는 2024년 집값 논쟁 2차전! '본격 하락 vs 하락 끝' 치열한 토론이 계속됩니다 (연말 특집 토론 2부)
GmD-VBljZPM,분양권과 입주권이 뭐죠? 비슷한 듯 달라요!
z1wH61pVTTs,"배려가 필요한 이에게 새 아파트를, 특별공급 제도"
TPBXtvmz_Xk,"새 아파트를 '찜'하는 방법, 주택청약"
ZQiVAFAT-DA,재개발 사업만 20곳 추진 중! 이제 곧 역사 속으로 사라질 이곳에 직접 다녀왔습니다
yI0mkq0OrlE,현재 부동산 시장은 '진짜' 하락한 게 아닙니다 #부동산전망 #이광수
qUe9hTwJf7M,2024년 부동산 시장 전망부터 집값에 대한 모든 것! 이 영상 하나로 끝내드립니다 (연말 특집 토론 1부)
701HOntAJIo,모르면 손해! '10년 동안 무이자 대출 6천만 원' 받는 방법 공개합니다
djANDxgUM_I,"2024년, 더 힘든 시기 옵니다. 제발 '이것'으로 여러분의 자산을 지키세요! (김경필 머니트레이너 풀버전)"
UqAB91WNzn4,서울의 중심을 바꾼다?! 미래의 강남을 위협할 '이곳'은?!
jGzs2xkkVFs,가장 확실한 노후준비 딱 다섯가지만 따라하세요!
kU2wVQLafhQ,"""한 살이라도 젊을 때 시작하세요"" 행복한 노후를 위한 가장 확실한 방법 (김경필 머니트레이너 3부)"
cY2iH9bqkqs,당신도 '고도 허세' 입니까?
9eFtrxk9hcQ,"""과소비보다 더 무섭습니다"" 월급 많이 받아도 돈 못 모으는 결정적 이유 (김경필 머니트레이너 2부)"
RkvcsKVlxss,지금부터 정신차리고 돈 모아야 하는 이유
Vwnc3CgIi_E,"""효과 200%"" 채소&과일식의 놀라운 효능 엑기스만 담았습니다 (조승우 한약사 풀버전)"
Vt1xxm6KJTQ,서울 지하철 5호선에 GTX까지..! 과연 트리플 역세권 될까?! [임장가자 EP.04]
F40TUk982oA,"순식간에 가난해지는 잘못된 소비 습관 10가지 ""지금 당장 끊어내세요. 그래야 돈 모을 수 있습니다"" (김경필 머니트레이너 1부)"
LwUe-3BHxJY,암 발생 확률 증가?! 유제품의 불편한 진실
KfYZe2Ec1nw,"매일 마시는 커피, '이렇게' 먹으면 암에 걸립니다 (조승우 한약사 4부)"
qiB_rLSi-SE,청약 완판 도시! 추가 분양도 완판 될까? [임장가자 EP. 03]
s7DoKyrmqno,간헐적 단식 시작 전 놓치면 안 되는 3가지
6w1wYpo9aQ4,암세포 없애고 싶다면 '3가지'를 꼭 챙겨드세요 (조승우 한약사 3부)
v-eL5DNSNSc,아침 굶으세요 그래야 건강해 집니다!
tWJyeqMEJds,"노화를 늦추는 최고의 습관, 의사들도 놀란 기적의 채소 과일식은?! (조승우 한약사 2부)"
NI18UXLQKZg,대한민국 부동산의 암울한 미래 '이 문제' 정말 심각합니다 (박은정 감정평가사 풀버전)
ENyIrpf73T0,서부권 대장 넘어설까? 신흥부촌으로 떠오르는 '이곳'
Jt2qEVxobe8,제로 칼로리 음료가 오히려 비만을 유발한다?!
MWQA4OFPgHU,아프지 않고 오래 살려면 '이것' 하나만 따라하세요. 또래보다 10년은 젊어질 수 있습니다. (조승우 한약사 1부)
DCQDpJuB6ts,"재건축에 대한 환상?! ""제발 멈춰주세요"""
aLuGwRDEXsU,"집값에 대한 위험한 착각?! ""강남 불패 너무 믿지 마세요"" (박은정 감정평가사 3부)"
CU42-0RIwTQ,"입지도 너~무 좋은데, 2029년에 더 좋아진다고요?!"
oEMwjsULV5I,"한국 부동산 시장 ""수술 시기 놓쳤다"""
uOqZkGVtPR8,"똘똘한 한 채'도 무너진다?! ""엉터리 집값에 속지 마세요"" (박은정 감정평가사 2부)"
ApIWs08jfHk,정말 안타깝습니다. 이런 분들은 제발 '집' 좀 파세요
YdLRePRCqwI,함부로 집 샀다가는 진짜 큰일 납니다 (박은정 감정평가사 1부)
OXox-myKpj8,"싹 바뀐 부동산 흐름 ""이제 장기 상승랠리는 없을겁니다"" (박원갑 위원 풀버전)"
xvq3h6ZSgVU,"역세권 맞먹는 호수뷰 프리미엄, 실거래가 20억?! [임장가자 EP. 02]"
Q09WVujDwX0,부동산 시장 움직이는 큰 손의 정체?!
BoFzEa20Koc,"""흐름이 완전히 바뀌었어요"" 부동산에 나타난 이상징후 (박원갑 위원 2부)"
n6wN-c7eUhg,내년 집값 '이것'이 결정합니다
jHcidHS2DBk,불안과 공포에 떨고 있는 한국 부동산...집값 뒤흔드는 가장 큰 변수는 '이것' 입니다 (박원갑 위원 1부)
uywGlXcIT1E,부동산 이대로 가다가는 큰일 납니다. 터질 건 터져야 돼요 (김경민 교수 풀버전)
LmKSO_wgkKc,서울도 아닌데 20억 찍은 이유
cmXeKASJ_vo,20억 찍고 2주 만에 1억 또 올랐다고? 실제 분위기는 어떤지 직접 다녀왔습니다 [임장가자 EP. 01]
tamiAFRTvvk,"부동산 상승?! NO!! ""이번 주, '이것'이 시장의 방향을 결정할 겁니다"" [친절한 부동산 EP. 5]"
Ty0DToksq4o,서울 아파트 가격의 미래는...
aNlfRH5ljms,부동산 공급 부족 위기! 더 심각한 건...
p63yNzp0pfA,심각한 현재 한국 부동산 시장의 현실
ltTUjdNrnV4,이러다 정말 큰일 터집니다. 2024 부동산 시장 최대 변수는... (김경민 교수 2부)
CSThFFyylhs,부동산 시장 분위기 곧 바뀔겁니다
2ub42ffOqAc,"""진짜 심각한 상황 올 수 있습니다"" 내년 부동산 시장 솔직히 말씀드리면...(김경민 교수 1부)"
_dS5Qf21-II,"20년 실전 투자자의 조언 ""이렇게 집 사면 결국 다시 팔게 됩니다"" (김사부 2부)"
2VCn9IZMkwE,"부동산 하락 시그널, '이렇게' 판단하세요"
2-QzIxdM-7g,목동 따라갈까? 신정뉴타운의 기대되는 미래
4eO6tPMHDMA,절대 실패하지 않는 부동산 찾는 법
1qJRg0oXogk,내 집 마련 '이렇게' 하세요! 부동산 투자 20년 해보고 확신했습니다 (김사부 1부)
uAQvnm3c0r4,로또 청약 당첨된 썰 풉니다
ygwtBt4RV4s,시세 차익만 무려 10억?! 로또 청약 당첨 문자 받았습니다 (정영진X이지선 4부)
pMriH9Ok-LY,모두 같은 재건축이 아니다! TOP of '입지 깡패' 단지는?
qdsBweYnN48,회사 사정 나빠졌다던 남편의 비밀
sVDWxOeg80c,"아이 둘 키우는 주부의 사연 "" 갑자기 끊긴 생활비, 그 이유가 주식 때문이라고 하네요..."" (정영진X이지선 3부)"
q-eveMducy8,만약 남편의 숨겨둔 비상금을 발견했다면?!
TktKyIo-wZc,"이혼 걱정 없는 돈 관리 노하우!! ""어떻게 해야 현명할까?"" (정영진X이지선 2부)"
qJ-87A11k-s,최근 아파트를 매수 할 마음이 생긴 이유 #부동산전망
YtTLs9g685o,주식 몰빵 vs 저축! 과연 이들의 선택은? 정프로와 이지선 성우의 재태크 매운맛 토크! (정영진X이지선 1부)
KBEMQ04WkQQ,얼마 남지 않았습니다. 무주택자라면 '이곳'을 눈여겨보세요 [친절한 부동산 EP. 4-2]
c_H8d75OocE,역전세 대란 지속 vs 끝?! 앞으로 전세시장 '이렇게' 됩니다 [친절한 부동산 EP. 4-1]
dZEL_6UcCKQ,"청약, 지금이 기회다?!"
oM3WWBe-LzI,하락 리스크 남아있다?! 앞으로 집값은...(김규정 소장 풀버전)
63a6uC8neoY,여전히 많이 오른 집값?! 지금은 '이렇게' 하세요 (김규정 소장 2부)
Bk3O36X9Bho,한국 부자 순위 '이것'으로 결정됩니다
RRnyX4UfDg4,대한민국 '찐 부자'는 이미 이쪽으로 갈아타고 있다?! (김규정 소장 1부)
KWR9buhJ9wc,미국에 일자리 몰빵(?) 한국의 예견된 미래?! (박정호 교수 풀버전)
Atk4ZJ6cLsk,내 집 마련 준비중이라면 '이것'을 반드시 고려하세요!
u5JdH9xamM8,"""교수님 꺼지세요."""
qrBsws6J1VQ,"""지금처럼 살면 뒤처진다"" 챗 GPT시대! 결국 살아남을 직업은... (박정호 교수 4부)"
H9ZdLHMVyFk,부동산 시장의 불편한 진실?!
kbe0praDE6k,지금 집값 '이것'으로 간신히 버티고 있습니다 (박정호 교수 3부)
JuUjb9k9yzM,서울에서 최고가 대비 -27% 아파트! 직접 다녀왔습니다
ivNl8Psj0o4,흑자 기업도 문 닫는 나라...
hgDtqEo08Zg,"예견된 한국의 미래?! ""이러다 다 죽어..."" (박정호 교수 2부)"
32v0UAeNCow,"""절대 경착륙은 용인하지 않겠다."""
yKYGc6-8OuI,"시진핑 경제의 몰락? 심상치 않은 '탈중국' 기류 ""미국이 절대 망하지 않는 이유는..."" (박정호 교수 1부)"
JBmBCRpajMU,"""빈 아파트만 1억 3천만 채"" 중국 부동산 망한 이유 (안유화 풀버전)"
6VJ_iab6JFw,대체 방이 몇개야...170평대 초호화 대저택 가격이 얼마라고요?!
oeoWFxgir9s,주택 공급 비상! 집값이 위험하다?! [친절한 부동산 EP. 3]
aFIUwPVBFlQ,"""죽을 때 되게 아쉬울 것 같아요"""
53HTXhG1zoI,"""사실상 청년 절반이 백수"" 사상 최악 취업난 터진 중국 실상 (안유화 총장 3부)"
1io16D5by7Y,170평 넘는 집은 어떻게 생겼을까?
yFvJxZR1g9A,한국 기업의 운명은...
qDG4YEe__OA,170평 넘는 대저택?! 방 찾다가 길 잃을 뻔...
0BHgkv8W8xE,大중국 수출 시대의 종말! 한국에 찾아온 기회?! (안유화 총장 2부)
6yzVYx-sjB0,큰 문제' 생긴 미중관계?!
VwdpDkQj_iU,"중국의 총체적 위기?! ""진짜 중요한 건 뉴스에 안 나옵니다."" (안유화 총장 1부)"
ncyULQKDmcg,"노후 망치는 최악의 투자, 당장 '이것'부터 끊으세요 (강창희 대표 풀버전)"
099wiwekkPw,오늘 부부싸움 하셨나요? 빨리 화해하세요.
m3jDSVkJSBE,"""가장 확실한 노후 대비는 재테크가 아닙니다"" (강창희 대표 3부)"
AH5BS2szL_8,당신이 찾던 전지적 KB부동산 시점
GZE0wO3XPXw,"""자녀 교육하다가 다 망합니다"""
0qsBGYhGr0w,당장 '이것' 버리지 않으면 억대 자산도 소용없습니다 (강창희 대표 2부)
wqtgmFFGdeQ,이 영상 하나로 '하반기 집값' 확실히 정리해 드립니다 (김광석 실장 풀버전)
fpGtG1B_ppY,이곳에 모아타운 추진구역만 4곳?!' 직접 다녀왔습니다
ZzTf8uVO2v0,다 오르는데 집값도 안 오를까요?!
IlHnWK_ARmo,"""주식? 부동산? 기회는 '여기'에서 옵니다"" (김광석 실장 3부)"
rCUyswPDrT4,"혼돈의 전세 시장, 역전세 대란 온다?!"
xJX7qd64uWM,하반기 경제 운명은? 상승 vs 하방
qd0UqkKAh-k,"3가지' 사이클의 정확한 매칭! 앞으로 집값, 이렇게 됩니다 (김광석 실장 2부)"
R4G0u4Iwags,10년 후 천지개벽할 이곳?! 그런데...!
E55jr13UyXk,심각한 한국의 미래...
AXXQNv1uWV4,심각한 한국의 미래...일본을 따라간다?! '노후 파산'이 진짜 무서운 이유 (강창희 대표 1부)
yw0HU2HdlxU,금리 인상 이제는 없다?!
2Uark1aVfbQ,모두가 행복해지려면...
A7ElSVHkTYE,IMF의 경고! 세계 경제와 거꾸로 가는 한국 경제... 왜? (김광석 실장 1부)
Epmz1Te1G_k,한국 부동산 경착륙 위기..?!
KRBFrSLNwMM,"""집값 하락? 아직 시작도 안 했습니다. '이때'를 노리세요"" (이광수 대표 풀버전)"
Pw1om9kEnF8,냉장고만 4천 만원?!!
20MWmda3JgM,"""하늘에서 빛이 내려와요...✨⭐️🌟"" 집에서 은하수를 볼 수 있다?!"
FMoLWpXcv8A,"""집값이 안 오른 다는 게 아니에요. 더 싸게 살 기회가 옵니다."" (이광수 대표 3부)"
4zIG7XHkZc0,전세'가 무서운 이유
ZtFalf7blfw,"금리 인하, 주택 가격 상승?! vs 그래도 하락한다! 그 이유는... (이광수 대표 2부)"
WVKflM7Tz6A,이곳'으로 말할 것 같으면...
sg5_9reO3hk,종잣돈 2천만 원으로 30억 자산가가 된 투자비법 대공개 (공윤경 풀버전)
uptZlfoID2E,이때가 바닥입니다 #부동산 #이광수
flB5bgrdUjQ,강남에서 차로 13분!! 자연과 도심이 공존하는 최고급 타운하우스가 40~60억?!
qqw3dM3fDIQ,"집값 반등 힘든 이유 ""하반기에 진짜 큰 게 옵니다"" (이광수 대표 1부)"
NXVVYuoR9q0,직장인 시점 요일별 재테크 방법!
jyLp6CSTPn8,"30억 자산가의 직장인 투자비법! ""저는 직장인일 때 점심시간에 꼭 '이것'을 했어요."" (공윤경_부자 되는 세상 2부)"
Nr5YYOYWN9U,다가구주택 하나가 19주택으로..?!
dn8SxmeHhSU,조회수 폭주?! '이 아파트'에 무슨 일이?! [친절한 부동산 EP. 2-2]
rpcpFPXw1eU,정말 안타깝지만...
VYnpU_Ew4Yk,분위기 대변신! 저렴하고 분위기 있는 인테리어 소품 고르는 꿀팁은?!
6-3063ZQL0U,"전세금 어떻게 돌려주지? 역전세난 2라운드! ""안타깝지만...이런 분들은 집 파세요"" [친절한 부동산 EP. 2-1]"
zA8Q0-TapKg,주택 증여 '이렇게' 하면 세금 걱정 없습니다 (이승현 회계사 4부)
XcZUEkXD8JA,30대 30억 자산가가 말하는 재테크란? #부동산 #재테크
tOJCZ0oTABg,100억대 자산가의 선택! 앞으로 '이곳'에 기회가 옵니다. (송희구 작가 풀버전)
Fwz5r9g-rgM,최악의 구조 거실...! 동식물과 함께하는 코지홈으로 바꾸기 가능?!
os5PChNxxjE,부자 될 기회 '이곳'을 주목하세요
0_4Qy4eHL9A,3천만 원 월급쟁이가 소액으로 30억 만든 투자 비법 (공윤경_부자되는 세상 1부)
d8_8b2E2F4M,"테라스 품은 연희동 고급주택, 마스터 룸은 2개?!"
G-VULfkJd4E,"돈 되는 아파트 vs 안 팔리는 아파트 ""이렇게 구별하세요"" (송희구 작가 2부)"
Pd-3KB7o2G0,대박 입지에 세대당 주차 3대 가능 + 테라스?! 작은 방에도 화장실과 드레스룸이 있다는데...가격은?!
LMrEg1iN7I4,"""세금 돌려받으세요"""
fexA1CakkUM,"""세금 돌려받으세요!"" 바뀐 세법 정리해 드립니다"
dzeYPpDLQ8Y,"100억대 자산가, ""점심은 3천원으로 해결"""
WjIBExw3vtA,"저는 이렇게 100억 만들었습니다 ""1억 있으면 무조건 '이렇게' 하세요"" (송희구 작가 1부)"
X0gXqdWhrUQ,부동산 시장 '2차 하락' 올 수밖에 없는 이유는요...(김인만 소장 풀버전)
M1CmqW91k-c,강북 최초 하이엔드 고급주택 내부는?
kaGfckJZh40,"분양권, 입주권, 주거용 오피스텔 주택 수 포함 여부!!"
As7qh-7KRYo,아파트 매수 타이밍! '이곳'을 주목하세요
1vLJDka_jdw,조선왕조가 선택한 '연희동'에 신축 고급주택이 나타났다?!
RG3L7uwqipU,"분양권, 주거용 오피스텔, '이것' 확인 안하면 세금 폭탄 맞는다?!"
iqgnGlBkcTU,"집값, 아직 바닥은 아니지만...'이것'부터 준비해야 합니다"
yfzC5wiuXSk,중국의 역대급 금융위기?! 제발 '이렇게' 해야 합니다 (최용식 소장 풀버전)
aXrUrMSypss,공간분리 꿀팁 대방출! 원룸에서 50만원으로 홈오피스를 만들었다?!
1L4AYojcqiw,집값 바닥? 아직 아닙니다
ORQeWstawkU,급매물이 소진되고 있다?! 집값 반등의 진짜 속내는... [친절한 부동산 EP. 1]
kMuAuLu2gb0,"집값 반등 아직 멀었다?! ""강남 풀고 양도세 풀어야 진짜 바닥입니다"" (김인만 소장 1부)"
I-5nWEM617U,오피스 공간으로 살릴 수있는 '핫 포인트'와 '핫 아이템'을 찾아라!
wQY8Yw4fCJk,"한국 주식시장, 과소 평가돼 있다"
sADHjPn38w0,"경제위기 오더라도 '이 현실'을 직시한다면, 한국도 고도성장할 것이라고 봅니다. (최용식 소장 2부)"
VvxmP1OZk6w,워런 버핏이 자녀에게 무조건 시키는 '이것'은?
jgyyoG8CAZQ,히노끼탕이 집 안에?! 3층 대저택 클라스
4zGgxHlHbJQ,월급쟁이도 부자가 될 수 있습니다. 이렇게 따라하세요. (김경필 머니트레이너 풀버전)
kL7kRYGOm_w,강남에서 45분 거리에 궁전이 있다?!
VZa5O44DPFA,30억대 3층 대저택! 히노끼탕과 고급 파티룸까지 완벽 그 자체
__ADw5B4D0o,역대급 경제 위기 가능성 경고
n2FOHpw2U48,역대급 금융위기 가능성 경고?! IMF 예측한 경제학자가 말하는 '현재 경제' (최용식 소장 1부)
K9henw60kgI,"대기업 임원 출신의 충격 고백, 직장 생활을 한다면 '이것'만은 절대 하지 않을 거예요 (정선용 작가 1부)"
pybZBaojB-Y,이 영상'만 따라오면 거시경제를 보는 눈이 생깁니다. (김영익 교수 풀버전)
_eHzIMlwjfM,이것 모르면 과태료 3천 만원!!!
tv9L3bs8FEk,강남에서 45분 거리에 궁전 같은 대저택이?! 가격은 2부에서 공개됩니다!
8LnEbP9WPGE,이것' 모르면 과태료 3천 만원! 모르면 피보는 부동산 세금
5ruPh-ur-T0,부자들이 경계하는 한 가지!
mKCGcEZ8Clg,부자 될 수 있는 기회 '이것'의 비중을 늘려야 합니다.(김영익 교수 3부)
WgEpuWPLv1Q,1억 모으는 방법
FUQwsOcq_MY,부자가 되려면 당장 1억부터 모아야 하는 이유를 알려드립니다
qHXxlf5exW8,나의 노후 생활비 계산법
G5WXPZ9AFSI,공덕1구역 재개발 부지 1분안에 둘러보기
Nxdan_E_TS8,주식과 부동산에 목메지 말아야 하는 이유! 여러분의 노후가 힘들어질 수 있습니다.
GAxi2S7XQak,이 커다란 공터에 무엇이 들어서는 걸까요?
0IOj7QMicBs,미국계 대형 금융사가 중국시장을 향하는 이유
F8v82QOGzXE,담장 1.8m 프라이빗 끝판왕 하우스! 내부에 사우나까지?!
XMkT4ugsmTw,인테리어도 예쁜 프라이빗 끝판왕 고급 주택! (로또 1등 당첨되면...)
x2is2ITEhL8,미중 갈등 격화... 한국은 '이 산업'이 유망합니다. (김영익 교수 2부)
GOa3Lh2JrgE,미국 주식보다 한국 주식이 강세인 이유
PDzn1HCEEeU,빚을 빛의 속도로 갚는 방법
7OnkD_Ti-T8,월급쟁이 부자가 되고 싶다면 당장 '이것'부터 버리세요 (김경필 머니트레이너 1부)
Me-HJEaUpjk,강남 상위 1%의 힐링법
sowuBNF21Ps,강남 한복판 아파트에 공원같은 단독 테라스가 있다고요?! '상위 1%의 힐링법'
3w02vPVKhEI,"경기 침체 예상되지만, 앞으로 10년 '이 주식'은 안전합니다 (김영익 교수 1부)"
LyjK0rGKeCg,"[티저]지식이 되고 돈이 되는 시간, 세미정의 부동산 클라스 전격론칭!"
6C_y6p9awZg,휴향지 리조트급 아파트가 강남 한복판에?!
cds28V4lPEU,루브르 박물관 건축가가 설계한 초럭셔리 하우스가 강남 한복판에?!
c_IGIHvPowk,투자로 최상의 성과 얻으려면 '이렇게' 해보세요
LsOXmntQFR4,1971년에 지어진 아파트?!
ZsXSvsqvFoQ,원효로 4가에 드론 택시가 생긴다?
FDUYW1LDLzE,용산 황금입지에 들어서는 대단지 아파트?!
QmPT13VrG4I,이렇게 투자해야 손실을 줄입니다.
HXlAFMmRfwE,30년 투자 경험으로 배웠습니다. 이런 투자는 절대 하면 안 됩니다.
c7h65MP3qwE,한국 부동산 불패?! 저는 이렇게 생각합니다 [이광수 위원 풀버전]
iEbkDlEApf4,피 같은 보증금 지키는 법!!! (신탁 부동산 전세사기 예방법)
BLZpQu4up5Q,"삼프로TV에서 소개한 그 단지! 트리플세권, 당산동 당산현대5차 임장 #대리기행 EP.2"
aGi8nS46Bj0,경제 성장률이 낮을 때의 이점?????
NFsNxsa-CAc,"현재 한국 경제의 흐름, 과거 금융위기와는..."
sVCrGCTqTHE,용산구의 환골탈태? 원효로1가 역세권 시프트 재개발 지역 ( #대리기행 EP.1)
CZxsO866TVM,이러한 조짐은 거품의 시작일 수도...
9FrOkmipfTE,이때를 조심하세요. 시장에서 불안한 가격 상승은 거품입니다. 이것을 판단하는 방법은..
a92sHm6kZbc,대신 임장 투어 해드림 - 역세권 시프트 예정지(효창공원역)
cYqsEFf-E4E,주식을 사용할 수 있어요?
PwE3D8E0c0U,전세 제도가 사라진다면 한국 집값은 이렇게 됩니다.
w0dWG72k4Co,영끌족이라면 불확실성에 대응해야
6oedJ3WCM4w,부동산 시장의 진정한 반등은 '이 신호'가 포착될 때입니다
IEkeApHNipw,전세 사기? 어림도 없지!
XRmhfy_yVNA,집값에 대해 명확하게 말씀드리면
iIEXntlJm4Q,앞으로 집값은 '이것'이 결정합니다. 무주택자가 가장 비쌀 때 집 사는 이유는...
hKS1NyY_qEo,상업용 부동산 시장을 알고 싶다면 꼭 확인해야 할 이것!
t0V4E8z3h7g,전세보증금 반환보증보험 가입이 어려워진다고요?! 내 보증금....ㅠㅠ
_LrI9W_PtzE,구슬치기로 알아 본 부동산 '지수'의 비밀
r494mJYbZWU,"부동산이 살아나는 시점을 알고싶다면, '이 움직임'을 확인해야 합니다 [3편]"
4Tc3hQBaFmg,"하락 전환 13개월 째, 한국 부동산 시작 바닥론? 앞으로의 방향은...[2편]"
yPL3FCJ959c,"SVB파산, 글로벌 위기의 전조인가...한국 부동산 시장은? [1편]"
PlEImdLPhak,올해부터 사업성 올라간다! 재건축에 주목해야 하는 이유는?
qT9_JzgKuAQ,전세보증금 돌려받기 위해서 세입자가 꼭 해야 할 일은?!!!
pwHc-KE32jI,미분양 공포에 역전세 확산까지...경제위기의 징조일까?
obv71crtbl0,청약 추첨제 늘었다! 청약 시 필요한 청약통장 납입회차와 예치금은?
_6uneZgN20Y,"부동산 시장 반등 아직 멀었다, 매수 타이밍은 '이 신호'가 보일 때 입니다"
-huhpdAXvmw,"한국 기준금리 동결, 그동안 잠잠했던 과천에 무슨 일이?!"
erMn2nCS3_w,"전세끼고 매매 시 주의사항!! ""계약갱신 요구했지만 거절당했어요"""
4wkJw5Q776o,"미분양 아파트에 입주물량까지 증가, 해결 방안은?"
XVEJfoEvIig,새로운 랜드마크가 될 곳으로 뜨고있는 지역이 있다?!
x05Qii2z_hM,"입주물량은 계속 늘어나는데, 미분양까지... '마피' 속출?!"
SeJHEnk0gq4,강남3구 입성 기회! 하지만 '이것' 놓치면 오히려 손해봅니다
VzTQsP-SY7A,"부동산 호황기, 다시 만날 수 있는 시기는?"
LWSTzFTb5Lk,"경기침체의 서막, 한국 부동산 전망은?"
oiYugfMEpDQ,전세보증금 지키는 필수 체크리스트!!!!(꼭 봐야 함)
Z06VyPTQqCE,전세보증금 지키는 필수 체크리스트! 이것은 꼭 확인하세요
LEnECZ8znsA,더 빨라질 신속통합기획! '이곳'을 주목하세요
3SC3Jtir4So,5억 원 아파트를 7천만 원에 분양받을 수 있다고요?! 어떻게...?
W0mYfKOOOBc,고급 아파트가 온다! 김포공항 주변을 주목해라!
Of05qttYdr4,무주택자 미혼 청년 주목!! 이제 기회의 문이 더 열렸습니다
PET0Wri4E-g,올해 바뀌는 부동산 세법' - 절세를 위해 알아둬야 할 것은?
waHiI4p4tMQ,올해 마지막까지 하락세 지속...이번 주 하락폭 큰 지역은?
W6vkNDtHIIM,"고금리 시대, 어떻게 절세할 수 있을까?!"
502TdKw02Eo,"부동산 침체기, 알짜 매물 구할 때 주의해야 할 사항은?!"
E6SO2dOpml0,"""고금리 시대에는 부채를 줄여야 한다!"" 수요자별 전략은?"
kht31eijaRw,"부동산 매수시기, '이때'를 기억하고 준비해라! 그러기 위해서 꼭 알아둬야 할 지역은?"
x3SKCQe-yfg,위기'를 내집마련의 '기회'로 만드는 방법! 꼭 체크해야 할 것은?!
LTCU5AzmvpY,규제지역 해제에도 변함없는 '하락세'...12월 1주차 부동산 시장은?
VAZr1Rf-ikU,부동산 침체기 대처방법! 정부정책으로 본 '기회'포인트는?
3YmE0kp0fqo,"부동산 침체기, '위기'를 '기회'로 돌리는 세대별 전략은?!"
uH1zR_0jQKY,교통의 요충지! 발품 팔아봤습니다. 알짜 투자처로 꼽히는 곳은 '이곳'은?!
oMIC5qALlhc,2023 부동산 전망! 우리는 '무엇'을 준비해야 할까?
uiEUu3AhZVc,빠른 분양시기로 주목받는 재개발 지역인 이곳! 과연 무주택자에게 기회 될까?
E58uLVuxAwI,"세계 경제로 바라본 한국 시장 흐름, '부동산 공포' 언제까지 계속될까?"
CzpOW0vpx-g,"이번 주 아파트 가격, 대전・세종 하락폭 최대"
ojau622FSNM,이제 오래 기다리지 마세요! 신통하게 변할 지역을 꼽아봤습니다!
NTpnS7a8ZD4,전세 보증금 지키고 월세 관리비 꼼수로 부터 해방되는 법?!
NCQISigQeW0,부동산 침체기 속 '기회'잡으려다 '현금청산' 당할 수도 있습니다
WbVwVN7MJ5k,전세사기 예방을 위해 반드시 알아야 할 3가지는?
4E-yFqrtRww,재초환 완화! 시장 살아날까? 무엇이 바뀌길래...
EklOW7skjt4,재건축초과이익환수제 부담 줄인다...시장엔 어떤 영향 줄까?
qoTuTLAJzOo,계속되는 인구감소...부동산 가격도 떨어질까? 흐름을 읽고 싶다면 '이것'을 주목하세요!
7m2EsUgBDOI,수도권 하락세 심화됐다는데...10월 3주차 KB주간시황은?
sEQuzprLIF0,수도권 하락폭 확대! 지난주 많이 빠졌던 지방은 감소율 줄었는데...
vof1D7650P0,부동산 침체기 속 미분양 공포...부동산 시장 전망은?!
mUqyoMAjReA,무순위 청약 무턱대고 하면 안돼요!
ZOmXZStxsL4,"무순위 줍줍 로또 vs 낭패, 극과 극인 이유는?"
xevNJ4tXw2Q,드디어 아파트 가격 하락폭 줄었다! 하지만...
w5_2tPtyoCE,조정대상지역 대거 해제!! 꼭 알아야 할 포인트는?
fL7RXf_JDrQ,일산에서 알짜배기는 이곳! ㅇㅇ역 근처를 주목하라는데...
aBfDfrGPehg,"상승구 하나도 없는 서울, 강북구는 하락세 더 심해졌는데...장기침체 언제까지?"
mwIYNfzXtbE,교통호재에 가성비까지 다 갖췄다! 앞으로가 더 기대되는 이곳은?!
dpzmBn-YgAo,분당 재건축 단지 중에서도 주목해야 하는 이곳은?!
aWBqQW-CQWE,제2의 강남! 중대형 평형대로 이뤄진 고급단지는 어디?!
_U9PSAk5d9k,이번주 하락폭 최대치...! 금리인상 영향 본격화?!
HEl4Rbn2IOA,"부동산 빙하기, 어떻게 대처해야 할까?"
fcKIwKqlFd4,"성공적인 부동산 설계를 원한다면, 급변하는 부동산시장의 주역을 주목해라!"
6lQdfRZioO0,"부동산 시장 턴어라운드 징후, 무엇을 봐야할까? 공급 보다도 중요한 이것은?!"
V5BytJ1Jdw8,"경제 위기 속 기준 금리를 높여야 하는 상황! 부동산 시장, 앞으로 더 심각해 질 수 있다..?"
S2a8bjCC-38,"서울 외곽 중저가 아파트 하락 주도하는데, 지방까지 하락 전환!"
qy7RHEEcX2U,데이터로 분석한 부동산 시장 전망! 현재 매도자가 압도적으로 많다는데...
MtNnS7ylg7c,부동산 시장을 데이터로 분석한다! 현재 시장은 과거 시장과 어떻게 다를까?
zH1IpneexBU,이런 뷰가 가능하다고요?! 확 트인 한강뷰와 인프라를 다 갖춘 이곳은 어디?!
wKYCt6ThOuQ,재건축의 잠룡이 꿈틀거린다!! 서울에 숨겨진 흙 속의 진주는?!
R_JkoTjwhAs,"서울도 하락으로 전환됐다! 전국 부동산 시장, 침체 장기화될까...?"
TBTZzUUgmCs,미래 가치가 더 올라갈 재건축 지역! 서울에서는 이곳을 놓치면 안됩니다!
drVu1pjMJ18,"5~10년후가 기대되는 재건축 재개발, 왜 주목해야 할까?"
X1TNikzWDZ4,부동산 시장 침체되는 걸까...? 매도자 문의 더 많다는데...
RgfFFQaJiUI,청약 취소?! 청약 재당첨 제한이 무엇이길래...?
Wy3fN7rUMEE,조정대상지역에서 해제되면 무엇이 달라질까?
JwPU4Dz6os4,"올해 하반기, 전세대란 올까...? 계약갱신청구권의 순기능과 역기능은?"
AGcUM3cO_F8,용적률과 건폐율로 땅의 가치가 정해진다?!
ZDuUOW9wtUc,공약에서 LTV 완화한다는데...대출 얼마나 받을 수 있을까?
SQ_JoVI4ewQ,돈이 있어도 집을 못 산다고요? 토지거래허가구역이 뭐길래...
jq1Qtcckt0Q,1년간 매달 20만원 월세지원?! 청년 월세 한시 특별지원 사업이란?
rWdrpC2eXMo,서울에서 3억원 대 주택이 공급된다?! 무주택 청년에게 대박 기회!!
-zGrmoVK560,분양가상한제에 따른 전매 제한과 거주의무 기간은 어떻게 달라질까요?
IkEn4-QKLwk,세대분리를 고민중이라면 이것을 기억하세요!
ZjMBW1323uc,[KB부동산] Making Film_유연석
wbCgR3Qgx_I,[KB부동산] Making Film_박희순
o1YP2u4xw50,"세금이 궁금할 때, 억울한 세금을 구제받고 싶을 때는 어떻게 해야 할까요?"
ZSYmcVA_U-M,[KB부동산] Making Film_채수빈
ufkYJZwFjEY,[KB부동산] Making Film_이광수
8oh-3B4SPHc,모아주택&모아타운' 엄~청 빠른 소규모 정비사업을 정확히 알려드립니다!
hwoofYZurKA,4차 민간 사전청약 인천 검단 신도시 청약전략!!!
fDu6w26w0wc,"과태료 100만원' 피하려면? 전월세 신고제, 이제는 필수입니다!"
i2Vz1jPHyy0,"자금조달계획서 이렇게 작성하세요! ※주의: 잘못하면 과태료 3,000만 원!!!"
P-tuqmHjf4Y,"파주운정 교통호재! 올해 첫 민간 사전청약, 이것 주의하세요!"
5iFQtoUTjQA,생애최초 특별공급 혜택 확대! 미혼도 신청 가능합니다!
RFv6toAqbiM,전국 집값 주춤인가 하락인가...?
yJNnQwogghQ,강남 한복판에 입지 좋은 소형 아파트 '매물투어 LIVE'
ZWqYjusLZWc,대선 후보 부동산 비교 분석! 집값 향방은?!
ccHM4mMNK6s,이번 달 KB월간시세트렌드는 어떤 이슈가 있을까?
0kIbimEIBxI,"3기신도시 고양 창릉, 올해 마지막 공공분양 4차 사전청약"
ATeujkTitbw,"집요한 입지 정보, KB부동산 (30s)"
YkLhyk6DzBQ,이번 주 주간시황 쉽게 보는 방법은?
18FAHmKZv3Q,2022 부동산 시장 전망! 최대변수는 무엇?!
tvGj4KKRINk,"원하는 집에 필요한 집요한 정보, KB부동산 (30s)"
_S6w1U1IfDk,지역별 TOP10 단지 한번에 모아 보자!
V86N-NO7qR4,노부모 동거 봉양 & 혼인주택 양도소득세 비과세 받는 방법!!
GkPz_E2DooA,"집요한 매물 정보, KB부동산 (30s)"
JCkCPVFWtKM,부동산 시세 트렌드 이거 하나로 끝!
YGlVD3K-v_Y,"집요한 가격 정보, KB부동산 (30s)"
WCeN74kXGT8,상속주택 양도소득세 비과세 받는 방법은?!
axW-6I4fImU,"집요한 부동산 정보, KB부동산 (15s)"
a_CjfdoEZAU,부동산 정보는 KB부동산! (6s)
GtOfuhO5UKc,"집요한 부동산 정보, KB부동산 (종합편)"
Q7BrhhLKSWs,KB시세부터 빌라시세까지! '이곳'에서 한번에 해결하세요!
ge0NJQEABLE,"집요한 부동산 정보, KB부동산 (Teaser)"
z8Scu_dNrpo,"3기신도시 3차 사전청약 하남 교산, 과천 주암이 궁금하다면?"
ukMj-yZRmp4,"⏱출퇴근 40분 이내 내 집 찾기, 이 방법이면 한번에 가능합니다!!"
W1o6kppBNZk,1주택자가 입주권 or 분양권 취득 시 비과세 혜택을 받기 위한 가장 유리한 방법은?
ITWgLvFg4Eg,일시적 2주택 비과세 특례규정! ㅇㅇ할 땐 어떻게 할까요?!
KRhBOjOInyk,"신혼부부특공 VS 신혼희망타운, 3기신도시 2차 사전청약 필승 전략!"
Ez0aG-b7_wg,일시적 1가구 2주택 양도세 비과세 요건 헷갈리시죠? 시점을 기억하세요!
l3SF4hPXLwE,3기신도시 사전청약 무엇이든 물어보살!! 찐궁금증 해결!!
n3DeZ-lS3Sg,"공공 재개발・재건축, 현금청산 피하려면 딱 세가지만 기억하세요"
EnyS9H-YqVE,1세대 1주택 양도소득세법 개정 예정 내용 총정리!
TC_tSN_BxWM,현재 오피스텔 임대시장 동향은?
5pWWbFZvPE0,1세대 1주택 양도소득세 비과세 조건 총정리 2탄!
e2lufcE0-yc,1세대 1주택자 양도소득세 비과세 요건 완벽정리!
vdRM3bgsO4Q,재건축 재개발 전매금지 강화! 틈새시장을 노려라!
-YFddiJrYqU,재건축 실거주 2년 의무 백지화! 현재 주택 시장 상황은?!
XV7xcYj9Le8,오피스텔 시세 통계와 동향을 한눈에? KB 오피스텔 시세지수!
R1bqqn7BSrA,"판상형 VS 타워형 VS 복합형, 아파트구조별 장단점과 차이점은?"
LbIojOidmms,"한국에서 제일 비싼 아파트 Top5, 작년 1위 한남더힐보다 비싼 집은?"
nm6hC9F_8JI,무주택 기준 총정리! 내 명의의 집이 있어도 무주택자로 인정되는 경우는?
jkr_mtrhUE4,3기신도시 인천 계양 사전청약 전략 대공개!!!
SBi4qOsP31Q,여의도 근처 00억 이하 집 찾기 가능?!! 가능!!
E6CX1twbYaY,7월부터 대출 규제 강화! 차주별 DSR 40%가 무슨 말이죠?
pq6nFltabu0,테라스 품은 펜트하우스 인테리어 Before & After
2Hu9vCsre98,"헷갈리는 실거주 요건, 2년 실거주 의무 완벽 정리!!"
rl5XRBWR_2w,"도심 공공주택 복합개발 1호 예고, 증산 4구역을 가다!"
j8shKPuNQa8,오피스텔 투자할 때 꼼수 부리다 세금 폭탄 맞는다.....💣
JMpCARqTjBc,모르면 세금 폭탄!! 재건축・재개발 이날이 중요하다!!
xO4H7rYYFPs,"부동산 세금 폭탄 탈출 비법 대공개 (종부세, 증여세, 재산세)"
v_4h7XDqdok,"상가임대차보호법이란? 상임법 계약갱신, 권리금, 요건 등 완벽정리!"
HKXgZ-LdRxo,동탄역 디에트르 퍼스티지 로또 청약 전략은?!
D3oNEK93LdA,KB시세 확인은 어떻게? 리브부동산 앱에서 원하는 단지의 시세보는 법!
IZ0sIZmiIfI,2년 뒤 더 힘들어지는 대출 한도...?
Ard-RTVg4bw,신규 공공택지 2곳 발표! 수도권 공급은 언제쯤...?
gq5OgdRuDcA,모르면 낭패!! 또 바뀌는 청약제도는?!
_-zpwrPC0WY,[이벤트] 이렇게 쉬운 부동산은 없었다. 리브부동산 가입하면 커피쿠폰 5천개 추첨 지급한다고?!
SYivT_tB4sc,7월부터 3기신도시 사전청약! 신청방법은?!
ixzThBCacLM,전세계약시 주의사항 총정리! 전세사기 안당하려면 꼭 시청하세요!
7Suleoa8i4o,교통호재 유야호~~ 검단신도시 청약 전략은?!
2aEXmU0k2PI,긴급발표! 공공재개발 2차 후보지는 어디?!
JlQ65Sk7eMA,포상금 10억?! 부동산 투기 뿌리 뽑힐까?
UACmWgIup0E,구호동도 반한 리브부동산 꿀팁 대방출!!! (feat. 기획자들)
INtrZUkhX7c,빌라 매입 유의사항 - 빌라 살 때 검토해야할 것은?
2NwpsPP8xCQ,[리브부동산 광고 메이킹] 구호동X로건리가 집 찾다가 만났다고오?!
5l5wVDEDpio,"시세보다 저렴한 매물, 쉽게 찾는 방법! (feat. 시세는 리브부동산)"
_h-rAtRtDAk,미래 시세를 공짜로 알고 싶다면 (feat. 시세는 리브부동산)
ybI9Sx-VmrE,"부동산 정보, 제발 쉽게 보자 (feat. 꿀정보는 리브부동산!)"
t9yC_fRmS94,"[리브부동산 광고 풀버전] 부동산 고민, 이제 끝내버리자 (feat. KB시세는 리브부동산)"
6LbYfZ4jqps,10만가구 쏟아지는 신규 공공택지는 어디?!
s8Z3X0TK224,과천 지식정보타운 마지막 로또 청약!
Y4L8ClIjOvg,청약 점수 올리기! 단숨에 청약 가점을 높이는 방법이 있다고?
YwVoYGYdHls,분양 임박한 서울 로또 청약은?!
HN2foqIdHW8,2.4대책 역대 최대 물량 쏟아진다?!
ZRYj8634Z3o,의외로 잘못 알고 있는 부동산 계약 상식 3가지
yjZd2069oOw,2021년 상반기 새 아파트 입주 많은 동네는 어디? 눈여겨볼 서울 입주단지 3곳!
yv7yBhsWDkc,아파트 면적을 구분하는 요령은? 복잡한 아파트 면적 종류 총정리!
5nPkxDgU9aU,수도권에도 500만원대 아파트가 있다?! (과연 진실은...)
8mliR2CgcTc,한국에서 제일 비싼 아파트! 현실 속 펜트하우스는 어디?
JjKkWDUKxmY,7호선 타고 강남까지 한방인데도 서울 전셋값 수준?!
iDsqoCKlOfY,부린이가 꼭 알아야 할 재개발 임장 필수 체크리스트 대공개!
4nKPaYcwPn4,대한민국의 모든 부동산 가격과 정보를 모은 신세계 탄생!
9K6RH75fReI,부린이를 위한 부동산 세금 총정리! 모든 부동산 세금 종류 타파합시다!
UmWB25dIPj8,[긴급편성] 가성비 갑 뉴타운 TOP3 후속편! 더 싼 곳이 있다고?!
eh1iCoAMo1c,서울 재개발 지역 가성비 갑 뉴타운 TOP3 대공개!
UMRNJCP8AA4,전셋값 상승하는데... 무주택자에게 2024년이 기회인 이유는?
BeGmWpoX9aY,"예상적중 전세대책, 전셋값 잡힐까?"
5gaTy0YloYk,과천 지정타보다 싼 진짜 '강남권' 위례신도시 공공분양 청약전략!
shCuHXzK_wI,세입자 원상회복 의무? 전세집 인테리어했더니 원상복구하라고요?!
Z6WsnioQV98,재개발 투자 어렵다고? 김제경 소장과 함께면 부린이도 재개발 투자 고수!
VCdL9ghJgk4,1주택자 보유 공시가격 6억 이하 재산세 인하
rxcCNqCOiFQ,"[KB통계] 김포, 고양 왜 거기서 오르니?"
ZRlLMeAuTBg,타이니 하우스'로 여가를 즐겨볼까?
PIAxmtT6dKI,다세대 다가구 차이는? 헷갈리는 다세대 vs 다가구 주택 개념 정리하기!
mAV7vsIFMo8,27일부터 시행되는 자금조달계획서 제출 의무화! 모르면 필청!
MEUypwShueA,[KB통계] 강남 아파트값 떨어졌다는데 KB통계는???
GlobJh1qlPg,"공공분양 신혼특공에 추첨제 도입! 신혼부부, 생애최초 특공 소득기준 완화!"
rdtkGY5x02o,3기 신도시보다 분양가 쌀까? 과천지식정보타운 청약전략 대공개!!
ZFeJvpPXH0s,집주인을 위한 임대차법 총정리! 알쏭달쏭하면 필청!!!
7VpJn4l1-fc,세입자를 위한 임대차법 총정리! 알쏭달쏭하면 필청!!!
LKpTNralfgE,지친 전세살이..저렴한 빌라라도 계약할까? NO~No~No~?!
DlexkZFKi0A,부자가 될 수 있는 풍수 인테리어 대공개!!
zrsz7PozWjU,3기 신도시 사전청약 당첨 확률 높이려면? 이것만은 꼭 알고 준비하세요!
-_iE_NRB-ZU,"집 사기전, 취득세 계산부터! 주택수 계산은 이렇게~~!"
sSjHZPcERPU,"3기 신도시 사전청약 발표 이후, 서울 아파트 팔겠다는 집주인 늘었을까?"
FQvcTUiFAPI,평생 딱 한번의 기회! 이번 생애 처음으로 집 산다면 이 방법이 찐이야~
-FsIEtGOFro,"대형평수 vs 소형평수 아파트 전망, 대세가 될 아파트 평수는?!"
C9f6AqIjVbM,추석 전에 꼭 봐야 할 9월 주택시장 전망은?
UxOGv8ICVWQ,"조정대상지역 완벽정리! 대출 규제, 세금 등 확실히 알고 집사세요!"
WU47GFO6PQQ,[당첨자 발표] 랜선세미나2 이벤트 당첨자 발표!! ★당첨되신 분들 축하합니다★
CW5s0MsIQ9s,인구감소와 부동산 가격의 상관관계는? 인구통계와 관련된 부동산 전망!
S8rX-3fmwgs,주택 공급대책 이후 집값 안정화 가능할까? 전세가 씨가 말랐다규!!
WbMEodzHx_M,"용산, 태릉 등 서울 신규 공급! 3기 신도시도 사전청약... 내집 마련 언제, 어디에 하면 좋을까요?"
SCS6KCAVeIE,분양가 9억 이하 수색증산뉴타운 청약 당첨 전략 대공개!!!
J7Qmwf498F4,[랜선세미나 2탄] 전문가가 말하는 솔직한 2020 하반기 부동산 시장은 이렇습니다... (feat.내 집 마련 전략)
SsoKps-WLus,7.10대책 이후 ... 상승세 멈추기 전에 집 팔까? 기다릴까?
RyMdGvrd8Us,높은 경쟁률 뚫고 신축 아파트에 입주 했는데 이게 무슨일이야?!!
-MlTYcdqNWw,"분양권 전매제한이란?? 분양권 프리미엄, 부동산 피 도대체 무슨말일까요?"
28kbI2w6qzM,7.10대책 이후 주택시장 흐름 완벽 정리!
Oz-Y_CNXrPU,"7.10 부동산 대책! 다주택자 매물 나오고, 집값 떨어질까?!"
wo-iUY-sI5Q,10년 후 재건축이 사라진다? 1기 신도시 리모델링의 반란!
2lEhhr8XRB0,청약시장은 혼돈의 카오스??? 규제 피해 쏟아지는 7월 분양 물량~ 주요 단지는?
aOLN2l6hvBw,곧 다가올 3기 신도시 사전청약! 10년 후 미래가치는?
fdlem7l7K4U,[KB통계] 6.17대책 발표 일주일...또 올라버렸다...
gt88vxlnkJg,[3분 부동산] 전세 사시는 분들 수리비 고민 싹~쓰리 해주는 영상★
C5T5KHik9vo,🔴주목★6.17 부동산 대책 총정리🔴
FoDSpHnJ08I,한국 부동산 버블인가?일본과 닮은 듯 다른 점은?
Qtu-1X9r7G4,청약 1순위 통장 만드는 방법! 그런데...!!
yBo7O4lAqXY,[KB부동산 리브온] 랜선세미나 이벤트 당첨자 발표!
Ai-QhcKhY9U,[사이버임장👣] 편의점 품은 김포 상가주택 수익률은 얼마일까?
-kfQn69FAmY,[KB통계] 서울 집값 6월 이후 오를까? 내릴까?
mIe1Mv3qYbg,"[랜선세미나] 2020년 혼돈의 부동산 시장, 집을 사야할까? 기다려야할까?"
J-qKUQJ642I,넓고 넓은(?) 청약의 세계! 수도권 청약 핫플이 궁금하다면 드루와~
24OCoYQadSk,"[KB통계] 공인중개사, 3개월 뒤 집값 전망은?"
q6sEBXVhEpA,전세보증금 무조건 돌려받는 방법 공개합니다
JC9fXMmSb_8,[그 땅이 알고 싶다] 영등포구 미래가치 보려면 이 영상을 봐야 합니다
4bFY_WvJlGU,[KB통계] 강남 떨어지면 너희들도 안심 못해! (쎈척)
b9iwuolsO7A,[그 땅이 알고 싶다] 강남구에 무슨 일이?!
oCLNs_u3AHQ,[그 땅이 알고 싶다] 강북구 💰투자 포인트가 🦌사슴이라던데...왜?!
nR0ZPzr-35Y,"이태원 상권, 코로나19 영향은?(feat. 밤톨전문가)"
AXxDCTqBsJc,3억 이상 집 살 때 놓치면 안되는 자금조달계획서 체크 포인트!
TeZZIBfK6_k,2030세대 주목! 내 집 마련 특별공급 공략법은?
rzlZD9lD-Ag,한 번쯤 살아보고 싶은 '위례신도시 단독주택'
P5d-9DgjYHI,시세 차익만 4억? '로또 청약' 북위례 입성하려면?
SgI9YY4YpvE,19번째 부동산 정책과 전망은?
Qnubn_uqb5Y,내 집 마련시 반드시 고려해야 할 이것은?
RmVr9h2EF-Q,입주 전 새아파트 전세계약시 주의해야 할 사항은?!
M-i7gUrtbIk,최신 인테리어로 엿보는 3040이 살고 싶은 집은?
OtMTOEP9WUU,은행원이 들려주는 새해에 돈 버는 ASMR
pF1FgBmacCI,2020년 재건축 · 재개발 시장 지금 들어가도 될까요?
yttmifYOVA4,재건축 / 재개발 / 지역주택조합 확실히 구분하는 법!
FP7ivMtoodk,은행원X세무사가 알려주는 찐 연말정산!
ariWGr_KiWI,3분으로 끝내는 수익형 부동산?! (feat.지식산업센터)
Pgfcm8enZ2o,나도 꼬마빌딩 살 수 있을까?
SNpzlpkBlZA,리브온TV 구독이벤트 당첨자 발표! 축하합니다!
ndTHquhShrs,[부동산 랭킹쇼] 2019년 부동산에 어떤 일이?!
dFHi0MkVQsc,"[12.16 부동산 대책] 다주택자, 2020년 상반기까지 집 안팔면 손해?"
wEkyzdGGmAQ,"밀레니얼 세대, 내 집 마련 포기하지 말아야 할 이유!"
4H7VvTALw90,말 한마디로 부동산 시세를 확인할 수 있다고요?!
7knmNPpiDvU,신혼집으로 딱이야!! 가재울 뉴타운 (DMC금호리첸시아 모델하우스 대공개)
HR7bqS2TYTU,상속VS증여 무엇이 더 유리할까?
-DsDymUzELY,부동산 가치가 상승할 지역은? (feat.도시기본계획)
FyLf-Hw4pN4,25년된 빌라의 대변신 분당 루프탑 하우스
E1siafUyrY0,"분양가 상한제 발표! 공급부족, 진실은...?"
WUy76_j6qjI,"분양가 상한제 발표! 집값 잡힐까...? (feat. 홍춘욱, 박원갑)"
EMLy8__RfPE,고덕 그라시움 시세가 얼마라고요?!
DuQfT625nEc,생애 첫 집을 강남 4구에서 구한다고요?!
UOa7x-11lnA,부동산 시세를 한방에 알 수 있는 꿀팁 대공개!
_sBZ88WWOpg,KB부동산 리브온 '부동산 클래스' 개최합니다!
cGiRqlzQbHk,청약 입주자 모집공고 어떤 것부터 봐야할까요? 제대로 보는 방법!!
lmAjTUUxG_Y,서대문 푸르지오 센트럴파크 청약 시작! 경희궁 자이 명성 이어갈까?
MXdXF5rOJuE,★서대문 지역전문가가 말하다★ 홍제동 새아파트 10억 찍은 이유는? 청약 전략은?
4b5p57Fv9pM,[서대문 푸르지오 센트럴파크 VR보기 4편] 75B 마무리
HrfinPf19qg,[서대문 푸르지오 센트럴파크 VR보기 3편] 75B 침실3
9j7UWCXGGss,[서대문 푸르지오 센트럴파크 VR보기 2편] 75B 침실1
bVQcH30LCpA,[서대문 푸르지오 센트럴파크 VR보기 1편] 75B 거실/주방
840rwZ1eIEY,호텔같은 아파트를 다녀왔습니다... 개포동 디에이치 아너힐즈 탐방!!
dDI5TYty4Kg,전세자금대출 연장 주의사항 - 집주인이 부탁해도 들어주면 안되는 것은?
VdIRt292aqE,[당첨자 발표] 리브온TV 유튜브 구독 이벤트 결과는?!
_dAs5HeOD8I,[개포동 전격인터뷰 2편] 입주 앞둔 디에이치 아너힐즈 몸값은?... 중개사가 직접 전하는 개포지구 동향
2wmCBcGYvWA,[개포동 전격인터뷰 1탄] 디에이치 아너힐즈 호텔 같다던데... 조합장이 직접 말하는 개포주공3단지 변신스토리
UTD7FqZNsKU,★신도시 투자 ㅇㅇㅇ이 적기라던데.... 사실일까?
z7bhMhY0KGg,로또 청약' 열풍 불었던 ★위례 신도시★ 지금 집값은?! (현장 전문가 등장!!)
GerihZa9DFk,강남 재건축 올랐다는데 '반등 시그널'일까?! 하반기 부동산 시장을 '부동산 주치의'와 논하다!!★
nXuDZ5LwR1M,과천지식정보타운 청약할까? 재건축 기다릴까? 당신의 선택은?
kp6qy-_cgzU,"KB통계 담당자 출연! ""부동산 통계 쉽게 보려면?"" 이 지표부터 체크!! [통계 어려운 분들 필독!!★]"
jp91QitPKBI,은행원이 말하는 부동산 등기부등본 보는방법!! 이건봐야해!! ★필수체크사항 대공개!★
qxS7CYtsiIc,"가성비 甲!! 서울 5억원대 역세권 아파트가 있는 곳은 어디?! (강남, 여의도, 도심을 30분대로 이동!)"
fPRIpEerQds,[모델하우스 보는법] 모하가면 ㅇㅇㅇ부터 확인해야죠!
vnwkt2dLwmQ,GTX-B노선 예타 통과했다는데...한눈에 정리! - 어디가 올랐을까?
7acF21nX7qE,[모하탐방기 2편] 서초 '방배그랑자이' 모델하우스 둘러보기!
JbcoeQWrq1Y,부동산 사기 이렇게 하면 피할 수 있다! (feat.65억 전세사기)
-InZ4v9flqY,청약 당첨 확률 높이는 법? 궁금하면 드루와~
cooZy8Q-Qkc,대한민국에서 가장 비싼 아파트는???!!! (feat. 공시가격)
SXuOnX1ThKA,"은행원이 알려주는 부동산 꿀팁, KB부동산 리브온 TV!"
