video_id,ocr_text
eTnSCivJo8U,내년부터 중저가 아파트시대온다 반대로 생각하면 KB부동산TV
jrRCm2wZ-2I,부동산클라스 KB부동산 중등부 지적국어학원 모의고사 대비반 잉글리쉬 막차 탑승?! 아글리쉬 망고쌤 최윤성 대표 6~12억대 가성비 학군지 딱'두 군데 남았습니다
SFHQJ4MKKEY,아낌없이주는+ 부동산클라스 KB부동산 어디갔지? ㅋㅋㅋㅋㅋㅋ 송희구 작가 '영끌'해도 괜찮을까? 이렇게 대처해보세요!
kD0y4eZnvlE,"부동산클라스 KB부동산 ""규제 효과 끝났다!"" 망고쌤 최윤성 대표 지금은 슈퍼사이클 초입 결국 집값 또 오릅니다"
z5iYle8p17s,부동산클라스 PENSION KB부동산 김경필 머니트레이너 노후 생활비 '이만큼'이면 은퇴 후 평생돈 걱정 끝!
bvn93hJfKkQ,지식업 클라스 Genera Ai KB부동산 김덕진 소장 T커뮤니케이션연구소 상위 1% 고수만 아는'이것' 대부분 모르는 AI 사용법
3kI079NNRU0,"대출규제 후 6주째 서울아파트에 무슨일이? 어, 이번에 강남 11개구가 KB부동산TV ד"
0IW0JIWjvFU,대장 장위뉴타운의 숨겨진 보석! 장위13구역!! ANSE KB부동산 박호련
wNX4_EXM8GY,부동산클라스 KB부동산 마·용·성 놓쳤다면 아임해피 정지영 '이곳'은꼭 잡으세요
8SzUFgIy45U,시세차익에 실거주까지?! KB부동산 대정부 이문동의 변화 박호련 KB부동산 KB OCTUB
SFyb94dcANc,부동산클라스 KB부동산 김경록 박사 한국 부동산 너무 올랐다 자산은 '이곳'에 모으세요
JQJBUjk7NoI,37기 신도 치 지금 주목해야할 3기 신도시 딱 한곳 •37기 신도시 교통망 개선 예상 1순위 창릉 신도시 KB부동산TV ㅣ상 1순위
VeKCoewLDMM,PPT 자동 완성 “이 조합 미쳤다” 이런 것처럼 KB부동산TV
YXsBeZ1T980,"대장마 KB부동산 동대문구 vs 성북구 2억으로 리모델링·재개발?!"" 호재 지역 TOP3"
_TjedVpZ20A,끊임없이 늘어나는 세대 수 수천세대 입주가 가져올 미래는? KB부동산 김우진 그림 KB부동산 822
E1LEGi9gupc,갭투자 끝? 오히려 내 집 마련 기회! STS ESS 이번이 기회인 것 같아요 KB부동산TV
Nudl73xFlB8,"부동산클라스 KB부동산 •6-27 대출 규제, 오히려 기회?! 아임해피 정지영 현금없다면 당장 보세요"
SYwWpl0XAy8,"아낌없이주는 부동산클라스 KB부동산 송희구 작가 만약 00001 온다면?!"" 쓸어담을 준비하세요"
59yepoUzTHw,돈만벌다 망한 노후?! 제발 '이것'도 챙기세요 우울해지기도 쉽습니다 KB부동산TV
BifU4c_GtCM,"빨리 개설해야돈 더 버는 절세계좌활용법 연금저축, IRP, 연금보험을 잘 활용하여 세제 혜택을 받아라! 연금저축, KB부동산TV ㅏ 활용하여 HITL כוח"
SxP4dBBaIQg,절대 손해보지 않는 투자 배분 전략 미국 국채 30년을 기초자산으로 하는 커버드콜 ETF 미국 국채 KB부동산TV 으로 하는 TF
NR_fV3xbIDI,부동산클라스 KB부동산 김경록 박사 '집 한 채'로 노후 준비 끝? 노후엔 짐이 될 수 있어요
F0e_Ez0aviM,아낌없이주는 ·희구· 부동산클라스 KB부동산 희구PICK 월드컵 송희구 작가 서울 10억~12억 대 아파트 저라면 '여기' 삽니다
DW0GYW_JEcw,부동산클라스 KB부동산 김경록 박사 비참한 노후피하려면 현금은 '여기'로 옮기세요
YAEU2yTbcxI,지식업 클라스 ΑΙ KB부동산 AI전문가 김덕진 소장 T커뮤니케이션연구소 저는 요즘 제 아이에게 '이것'을 가르칩니다
5k0QQOuAU2k,아낌없이주는+ 부동산클라스 VS KB부동산 송희구 작가 경기도-강남 거리 13km vs서울 내 거리 13km
h0lTUUbzqb8,이 AI모르면부동산에서 100% 손해봅니다 ARA 짝붙여주잖아요? KB부동산TV
lMEYWSpu174,"지식클라스 PERPLEX A KB부동산 은퇴? 명퇴? ""김덕진 소장 IT커뮤니케이션연구소 두려워하지 마세요 AI로 재취업하는 방법"
5GJ96gj-20o,하루 걸리던 정보수집단 5분? 이 Al앱 진짜 미쳤다 그게 이 답변이 어떤 걸 보고 KB부동산TV H
RV8gSkhI9b8,1억정도 있다면 '이곳'부터 보세요 KB부동산TV
JO-GZ5r8Umw,냉장고한번 찍고 식단까지 짜는 방법 얘가 이거를 갖고 만들 수 있는 AIDIA KB부동산TV CHELO
Adlo5Wc_1j4,DIA 자영업자라면 당장 써야할 AI 기능 배달앱 리뷰를 KB부동산TV
bZ9pl7Sivd4,똘똘한 한 채는 완벽한 '덫' 입니다 '영꿀'한 똘똘한 한 채는 절대 못 팔아요 '영끌 KB부동산TV 채는
Uc2aWlz0x7o,KB부동산TV 지금 사도 최소 10억?! 성수동재개발의 가치
kHq2NTZSrnk,지식클라스 ChatGPT ΘΕ KB부동산 김덕진 소장 IT커뮤니케이션연구소 이거 하나로 월급 2배 상위 1% AI 사용법
xMsan_6tBd0,전재산인 집을 싼값에 팔사람있을까? 본인의 전 재산인 부동산을 싼 가격에 절대 팔 수 없다! KB부동산TV 본인의 ㅏ을 싸가
Kl0wRY-BJvs,1. 강남권 ・강남과의 교 -1점 무조건 오르는 부동산 이내인 경우 비밀 공식 대공개★ 강남과의 교 20분 이내인 경우(준강님 she 2. 역세권 244 역에서 도보 역에서 도보 「 3. 신축 • 준공된 자기 KB부동산TV 준공된 지 7 LJ
kPpmAjEcd7I,항상 집을 ㅁㄷ 재 두가지만따라하세요 20억 벌 수 있습니다 항상 집을 두채유하더라도 모든 집에 대한 비과세' 전략! KB부동산TV '저래
fchKK_hxeVQ,대출 규제는 맛보기? 정책 더 나올겁니다 미리 대비하세요 토허제 확대 재지 9월 30일까지 적용 KB부동산TV 토허제 통 지저요
7W3St5Eb9Uk,부동산클라스 KB부동산 더 이상 고민금지!! 이런 매물은 김사부 부동산 투자 전문가 눈 감고 사도 오릅니다
2D67I2qU-kQ,자산 5~7억있다면 '지역'부터 보세요 인덕원을 주목해야하는 이유 과천 재건축 이주 수요 때문! KB부동산TV 인덕원 이유 기처
rUmn_fPUjKY,노량진의 대변신! ICBAINE 여의도까지 작동 연결된다! 면적고 만들어 여의도와 노량진을 걸어서 연룩교를 만들어 여의도와 OKB부동산 서
WVdsrRjVEfw,2030세대가 집을 명품백처럼 생각하는 충격적 이유 2030세대 거주 비율 1위 관악구 203 KB부동산TV 191
SrWbcBqHa3A,고시촌 노량진이 강남 뺨치는 신도시로?! KB부동산 대장부 절대 놓치면 안되는 이유 무엇을 개발할지도리이스! 비어있는 무엇 KB부동산
2DdvlmENF4A,"부동산클라스 KB부동산 ""청약당첨 그만 노리세요"" 김사부 부동산투자 전문가 매달 1천만원씩 벌면서 새 아파트 얻는 방법"
cmNfjMHfnlY,아낌없이주는+ 부동산클라스 기대된당 송희구 작가 KB부동산 집 사기 가장 좋은 시기 저는 '때'만 기다려요
t1fP0imVzLM,"부동산클라스 KB부동산 ""종잣돈적어도 가능합니다"" 이 조건만 알면 김사부 부동산 투자 전문가 자산 10배 금방됩니다"
-yL2YYOdfxQ,부동산클라스 BBS MEVIS 이재명 정부의 부동산 정책... 아파트 공급을 늘려야 이재명 대통령은 대선 기간 동안 공급을 확대하겠다는 부분을 강조했습니다 미끈다는 작은 공급이 방심하지마세요 KB부동산 심형석 교수 곧 '이런' 부동산정책 이어서 나옵니다
_5Cq6PBf9U4,KB부동산TV 터미널옆집값상승예고?! 30조들어가는동네들
zK3jFOshSEc,부동산클라스 KB부동산 정부 규제 총정리 심형석 교수 부동산 정책 발표 임박?! 하반기엔 더 무서울 겁니다
Kcv3dLHhr0A,"아낌없이주는 부동산클라스 KB부동산 정신 똑바로 차려! 내 연봉에 맞는 집값, 딱 정해드립니다 송희구 작가"
PASI2eIdhDo,"부동산클라스 KB부동산 ""어디 사세요?"" 심형석 교수 집값이 사람값되는 사회"
isUi8WxzYIg,"부동산클라스 KB부동산 미국은 전쟁나면 이윤수 서강대 경제학부 교수, 탱크도 못 만듭니다"
h3rBL04rO9s,모두다~
nHk_pehl39c,대장부 천지개벽 진행 중 KB부동산 개발 끝나면 목동 넘어선다? 노량진 대박 예고
-5-5DJNmh8A,"부동산클라스 KB부동산 BIG SALE BIG SALE BIG 심형석 교수 ""바겐세일 끝났어요"" 지금이 마지막 기회인 이유"
kyf2IL2Qjvo,아낌없이주는 7 부동산클라스 KB부동산 아묻따 고! 제발 사지마.. 송희구 작가 10년 지나도 못 팔아요 제발 '이런 집' 사세요
c-sGtp_MCBg,부동산클라스 무서운 집값 상승세 이윤수 서강대 경제학부 교수 KB부동산 부동산 매수가 두렵다면 '이산'부터 모으세요
z1fE4bI2clc,교통 스트레스는 이제 그만 KB부동산 김병수 KB부동산
p0h9BqK1G9o,C '제조업 공동화' 미국 따라가면 한국도 위험하다?! 기업이 커가는 과정에서 KB부동산TV
DPnXz_1vj9o,Ol 미국전쟁나면 탱크도 못만든다?! 일회용마스크를 쓰지만 KB부동산TV I
etkCy-b1fac,KB부동산TV 강남폭등 !!!! 정재훈 박사 KB국민은행 부동산사업부 강남역대최고상승률! 주간부동산이슈긴급분석
ExRINuRS6Sg,김무진 제2코엑스 확정 KB부동산 잠실가치 급상승이고 KB부동산 고
uvg15RXk6jI,잠실 똘똘한 한채 KB부동산 부동산 끝판왕인 이유 613년 정장실과 다른 점? Q. 13 KB부동산 돌릴 점?
V8gopiEjJ1Y,한국이 1980년대 일본과 다른 결정적 이유 일본이 훨씬 강했다는 KB부동산TV
L9JGXtO6vCg,부동산클라스 Vs 2025 하반기 집값논쟁 대선 이후 '이렇게' 됩니다
oA3ixDCbrVA,"부동산클라스 이윤수 서강대 경제학부 교수 KB부동산 한국경제가 멈췄다 불황과 저성장, 탈출구는?"
ebVgfeqS37Y,대장휘 KB부동산 송파구 아파트 총정리 어디를 사야할까?
XINnJ7ENJAI,부동산클라스 KB부동산 김인만 vs 이광수 대선 이후 '이때'가 오면 내집마련 하세요
Us21lI86w3Q,대선 이후 부동산하락 vs 상승 과연 전망은?! 이광수 대표의견 서울 중심 OGLASE 서울 중심으로 하반기부터 부동산가격 하락이 시작될 것 KB부동산TV
gNsdevSlz9E,기'를 믹 고층이사후 건강 이상?! 실제로 너무 많아요 '기'를 막아줄 구조가 없어 기운이 떨어진다 KB부동산TV
KTjlLwmJ0qc,김인만 소장의견 2029년까 월세 중심으로 전월세는 상승합니다 강인한 소장의견 2029년까지 입주 물량 부족으로 전세가격 상승은 불가피할 것 KB부동산TV
00kb3TFhSh0,부동산클라스 +23456 10.4645 KB부동산 김인만 vs 이광수 대선 결과 발표 D-O! 하반기 집값의 운명은?
rA_3jZbcQBM,집살때절대 놓치면 안되는구조의 비밀 구조가 풍수에 영향을 미치는 이유? 구조기 KB부동산TV 여하 100
pG7hn16sjCk,대장비 4165HAN 자연을 누릴 수 있는 술세라 수지 김우진 KB부동산 KB부동산
SOKgZcFSAnM,KB부동산TV $ 국민MC 200억 건물주된 유재석의 숨겨진 투자전략3가지
W7uMS_ekg6s,"부동산클라스 ""집값 안올라요"" 김인만 vs 이광수 ""오른다니까요?"" 대선 토론보다 더 뜨겁다! 집값 전망 끝장토론"
eBW0U9AlHyU,부동산클라스 0000 KB부동산 하는 것마다 잘되는 천동희 대표 재물운 폭발하는 인테리어
C1zE2KM9R50,주방 '이렇게' 하면 재물운 넘쳐난다 그러한 개념으로 착안해서 KB부동산TV
ZS0QcHdPoOc,반드시 피해야 하는 침대 머리 방향 북쪽만 피하면 되나요? KB부동산TV
2oT8t2hCJkE,부동산클라스 KB부동산 풍수 인테리어 총 정리! 지금 당장 집에서 천동희 대표 '이것'부터 치우세요
EE0qk8qv6Yg,대장부 KB부동산 똘똘한 한채 잠실이 정답인 이유
_qz4lbq5y3Y,부동산클라스 KB부동산 매매도 전세도 금지 천동희 대표 '이런'아파트 무조건 피하라
ip9MDX8YK14,수맥파에 노출되면 당뇨·고혈압이 생긴다?! 건축물이든 기계든 다 동일하게 KB부동산TV 이하게
aIWCJIT2G_M,부자일수록 풍수에 관심 갖는 이유 삼성을 설립하신 KB부동산TV
75g8RKGYxAI,부동산클라스 KB부동산 祿 천동희 대표 이런 곳에 집 구하면 당뇨·고혈압 생깁니다
xPxAdFJlobA,KB부동산TV 19:0 16.9 S 경기 침체 신호탄일까... 173 12.9 미국 영구채 강매 시나리오 부동산 반등 vs 붕괴?!
FCa8ChvpMe0,갭 10 갭10.5억대 자산별 추천 아파트 [갭105억대 추천지 옥수동 신축 아파트 KB부동산TV
e-_ysKyKWJY,갭 6~8억대 자산별 추천 아파트 갭6-8억대 추천지 마포구 KB부동산TV
la8_o4dXqkI,부동산클라스 KB부동산 송희구 작가 이런 곳은 무섭게 오릅니다. 전세 끼고 '여기'부터 보세요
sMebDZ1Vyfc,갭5억대 자산별 추천 아파트 배씨가 10억 전세가: 5억 제가 기억 전세가: 6억 매매가 저비기. KB부동산TV 어
HW7iZuC98Qw,ㅇ 산책 아닙니다 혈당 낮추는 초간단 운동 방법 우리 몸에 있는 당을 끌어다 써서 KB부동산TV
brkGzoSgkiE,갭 2.5억대 자산별 추천 아파트 지난번 추천했던 안양 인덕원 KB부동산TV
JM0OktPcxEQ,심박계 필요 없습니다 딱 맞는 운동강도 찾는 법 운동이라고 볼 수 있어요 KB부동산TV JO
h8TzojoKUg0,김문수 후보 당선되면 부동산시장 어떻게될까 전국 5대 광역권에 KB부동산TV
-ighbDuyBbQ,"TH: 이재명 후보 당선시 부동산시장의 변화 제주, 강원, 전북 세 개의 KB부동산TV"
VMr1Po-3Olw,KPERATY 따라할 수 있는 집에 집에서 할 수 있는 중장년 운동 루틴 루틴 KESTATV 푸쉬업 집에서 할 수 있는 간단한 운동 루틴 푸쉬업 (30) ② 스쿼트 (2) 스쿼트(30) TIP KB부동산TV
I3RQa_s7qEU,갭투자계획이라면 '이런곳에 사세요 •시세 대비 월세를 계산하지만 KB부동산TV
TI81QKb-j78,KB부동산TV 더불어 민주당 VS 국민의힘 PEOPLE POWER PARTY ※긴급진단※ 정재훈 박사 KB국민은행 부동산사업부 10대 대선공약전격해부 부동산시장의 미래는?!
hM4yWKnLCyM,★효과보장★ 거북목 퇴치 작전 거의 천장에 닿아 있는 정도로 KB부동산TV
puPs7poHpLc,TUB 세입자 거주주택 오히려 급매 기회?! 새로 안 맞춰도 되니까 KB부동산TV IL
coNCQgbvaJE,부동산클라스 KB부동산 송희구 작가 더이상 숨은 알짜 동네 없어요 그냥 '여기' 사세요
q2pS17SM1IY,평생 햄버거 먹기 vs 평생 라면 먹기 그리고 실제로도 KB부동산TV
WKLohuEqbG8,세 번의 갈아타기로 누구나 강남입성 가능? 그다음부터는 KB부동산TV
XCDGL73zx3g,운동안하면 노후에 근육 35% 손실?! 큰 수술을 하실 때 KB부동산TV
MKDMjpaQaNc,"트레이너도 놀라게 한 이병헌의 자기관리 ""아마 육포 같은 거 있을 수 있다"" KB부동산TV SPIEL"
ukDVobS8V-4,종잣돈 빨리 모으는 가장 현실적인 방법 생각이 듭니다 KB부동산TV
fCyhY94BuzI,대장부 KB부동산 지금 수지에 집 산다면? 이곳부터 보세요
MB54BqzvIo0,천국의계단잘못타면 지옥으로 갑니다 싸이클도 앉아서 KB부동산TV
kQz-uZUhF2k,부동산클라스 송희구 작가 KB부동산 1주택자갈아타기 '이렇게'하면 강남도 갑니다
8y3mooLNmAQ,부동산클라스 KB부동산 #종합소득세 신고의 달 문재완 세무사 세금 공제항목 잘보세요 100만원 그냥법니다.
5Ioo8l5jvNI,100억 건물주의 눈물 상속세 반도 못받아요 금융사람의 경우 상속세 납부가 비교적 쉽지만 금융 자신 MAI KB부동산TV
6IY2ACil4es,부동산 세금 취득 한눈에 이해하기 취득세 취득→ 보유 취득세 보유세의: 보유세의 종류 대표적으로 재산세와 소득세 KB부동산TV LEH
hdEZ5LHyf20,"지식한 클라스 ""스트레칭 아닙니다"" 운동하기 전에는 KB부동산 정주호 원장 스타트레인 제발 '이것'부터 하세요"
_snz_1-rgvM,취득 부부간 주식 증여 세금폭탄 피하는 법 매인 X k 취득 → 보유 → 매각 X14(정) 10 미국적 Arb 양도소득세 부동산의 양도소득세 과세 적용 부동산의 경우 10년 이내 주식의 경우 1년 이내 KB부동산TV
teoa_NToazU,① 비고서 과서 ㅇ 3과서 부부간 주택 증여 '이것' 모르면 큰일납니다 증도 없고 양도세도 없는 거예요 KB부동산TV 증여서
2p9Qp1vwDwA,"상속세 앞으로 바뀐다?! “받은 만큼만 내세요"" 나눠서 내게 돼요 KB부동산TV 1101"
3ftC7aZxtcU,대장밀 風采 거주 7년 차가 말하는 수지구청의 단점 OKB부동산
VnvfXWTQQps,부동산클라스 문재완 세무사 개편안 총정리 KB부동산 증여와상속 #상속세 #증여세 #미리알고대비하자
eX73KV1IFcU,강남 생활권 '수지' 부동산 분위기 KB부동산 좀만 KB부동산
PiF9jVNysNE,배우자 vs 본인 신용카드 몰아주기 소득공제 많이 받으려면? 소득공제 항목은 소득이 높을수록 유리 KB부동산TV 소득공ㅈ
_0WlAVB5A2k,지식업 클라스 KB부동산 류은경 소장 조승우 한약사 이호선 교수 이호선 교수 이진복원장 전문가들이 꼭 지키는 건강습관 모음집
ZzOtLVsLEY8,N잡러 종소세 신고 회사에 알리기 싫다면? 근로소득에 대해 2~3월 연말정산 종결 KB부동산TV
9-axEbrXPK4,강남 대체 학군으로 대장비 KB부동산 또는 이곳!! 대장부 bl 4 학교는 어느 쪽에 있나요? KB부동산 나요?
9YnlZOTBA-E,부동산클라스 문재완 세무사 한방에 정리 KB부동산 부동산세금 #부부간 증여 #절세꿀팁 #폭탄맞기전에 보세요
BE18FJ2syU8,대장부 KB부동산 앞으로 호재 가득한 이곳! 수지맞은 수지
awW-xkhoiLo,운동성적이 증명한 최고의 운동루틴 그래서 저는 KB부동산TV
kNZAJa0h2bk,부동산클라스 문재완 세무사 5월은 KB부동산 종합소득세 #세금공제 #소득공제 #절세꿀팁 대방출
Z_eojTTQ9vM,스트레칭 아닙니다 운동전'이것부터 하세요 근력운동을 하면 KB부동산TV
L-dAtEca3Us,지식업 클라스 KB부동산 정주호원장 스타트레인 식후 5분만 따라하세요 혈당내리는제자리 운동
2Hi_gNvk3Sg,근력운동 효과적으로 하는 방법 수면이 좋아지 KB부동산TV
eehRLbIYDEo,밥을 먹어도 음식이 당기는 이유 그런데 그 이상으로 KB부동산TV
8qwiD0yoxsw,늦게 자고 늦게 일어나면 안되는 이유 평균 4~5시간 KB부동산TV
F4UdlbkNVuo,이것' 부족할때 운동하면 큰일납니다 우리는 꿈을 꾸게 되고요 KB부동산TV 12
yucr_TaFPeQ,KB부동산TV IKEA 입점완료 'JYP'도 온다! 서울동부의 새로운 강자 대기업들이 선택한동네
gnyZZRsV66M,"지식업 클라스 ""운동이 아니라 가혹행위입니다"" KB부동산 정주호원장 스타트레인 노년에 지팡이 안 쓰려면 이건 절대 하지마세요"
MPNkQkvEW_Q,늙어서 고생 안하려면 단백질'이렇게 드세요 고기를 먹고 KB부동산TV
UiIIQl6Q8G0,KB부동산 정주호원장 스타트레인 노화 늦추는 최고의 운동 이대로만 따라하세요
M5BITECyuiA,부동산클라스 모아보기! KB부동산 김제경 소장 김경민 교수 이광수 대표 EI832 공포 VS 기회 부동산 전문가들의 예측! 2025년 집값은?
8TUqzBAW0h0,"지식의 클라스 스트레스로부터 몸을 보호하는 단 한 가지 방법 KB부동산 정주호원장 ""스타트레인"
DvsXvBSQgic,"대장부 KB부동산 ""광명이 마피라고요?!"" 지금이 기회인 이유"
gUa69lFmi-g,[지식의 클라스 KB부동산 정주호원장 스 저속노화를 위한 습관 타트레인 '이렇게'만 따라하세요
rSkchiWU4gw,부동산클라스 KB부동산 조영광 부동산 빅데이터 연구 부동산 폭락 시그널?! 제발 '때' 집 사세요
L3gdqk60z9U,이사 전 '민도(?)'를 체크해야 하는 이유 공용시설이 잘 관리되는지 확인! KB부동산TV 공용시
hDlLle4rQ6k,무주택자 신혼부부 내집 마련 vs 전월세 vs 청약 일반주택의 경우 계약금을 내 보통 2~3개월 후 잔금 납입 일반주택 미 KB부동산TV 계약금들 HE 7 LIQL
oTAImHM2su0,부동산클라스 KB부동산 재건축 신화 끝났다?! 조영광 부동산 빅데이터 연구 그래도 이 '두 지역'은 무섭게 오를 겁니다
YllID2utYsE,부동산클라스 ※모아보기 KB부동산 김현우 소장 이호선 교수 터보832 김경필 머니트레이너 돈안들이고 평생 즐기는 노후 대비책 모아보기
nBKRiVOdZ2k,"지금이 기회! KB부동산 ""안전마진 최소 1억 광명의 상승여력은 어디까지? ㅇ 광명 KB부동산 디까지?"
F-yguKAu0bQ,KB부동산TV 초고가 아파트의 부동산전문가가 숨겨진 위험 절대말해주지않는실패사례
UQsU_PKVDAQ,저출산 시대 내 아이 애지중지 키우고 싶다면 '이곳'으로 가세요 신축 입자의 경우 젊고 수요력 있는 사람들이 모여 스스로 학군을 만들어 낸다! 신축 입지의 KB부동산TV 젊고 수효 모여 AA
W9Btwv8StUk,서울 출퇴근러를 위한 수도권 아파트 추천 인월신경 KB부동산TV
ivF4IRr9E4M,"부동산클라스 KB부동산 저출산 시대 조영광 부동산 빅데이터연구 ""애지중지 키우고 싶어요"" 그럼 '이곳'으로 가세요"
cacx-xKcBSU,"GTX 개통했는데도 집값안오른 이유 ""거래는 됐는데 가격은 안 올랐네?"" KB부동산TV RPHHIQ"""
WC-1jIzazeY,저출산고령화시대 부동산투자방법 조영광연구원의견 한국이 금성장하지 않는 이상 쏠림 현상은 계속될 것 KB부동산TV 한국이 는 이상 되거
9UJ86wxbxJw,천지개벽 광명 타부동산 사람들이 모이는 이유 ④ 광명에서 자랑할 점은? KB부동산 넘은?
bfdQG4aQnjk,"인구감소, 집값폭락? 미신에 속지마세요 또 인구밀도는 잘 안 변합니다 KB부동산TV"
CVQ7GxZbLok,"부동산클라스 KB부동산 44011 A 조영광 부동산 빅데이터 연구원 인구감소하면 집값떨어진다 ""모두 미신에 속고 계세요"""
z_uHz2StYYA,투자처로 급부상한 KB부동 광명의술은 의미? KB부동산 김우진
GMP5fejqwpY,부동산클라스 11 12 10 KB부동산 조규원 대표 금거래소 <스태커스> 금·은 언제사고 언제팔까? 싹 다 정리해드립니다
13k-TKoA86g,대장의 서울보다 비싸다?!! 천지개벽 광명 KB부동산
-e7pNo3iGvo,KB부동산TV ※긴급진단※ 정재훈 박사 KB국민은행 부동산사업부 토허제재지정 이후 서울 집값 꺾였나?!
9aYD_zL-cC8,골드바의 경우 제작 공정. ㅈㅁㄱHT 금 사기 전에 무조건 봐야하는 영상 골드바의 경우 제작 공정 과정이 다르기 때문에 주물금보다 공임비에서 비효율적 KB부동산TV 예
2HK9CeOIwIQ,부동산클라스 KB부동산 조규원 대표 금거래소 스태커스> 투자용 금은 따로 있다?! 금투자 '이렇게' 하세요
TLxNL-mTU9A,부동산클라스 KB부동산 터보832 대한민국 상위 0.1% 부자 강남을 따라잡을 동네는 '여기'밖에 없습니다
APbFCTIfqhM,강남 꼬마빌딩이 폭락한 이유 GLASK 리모델링 후 파는 게 유행 혹은 KB부동산TV 근린생 비ㅇ해
vFko-T4iIo4,상위 0.1% 부자의 부동산 성공 투자 비법 GDSK 양심 있는 KB부동산TV
am-dLAUWtzo,"부동산클라스 50000 KB부동산 ""경험해보고 말씀드려요 부동산 투자 수익 2배 터보832 대한민국 상위 0.1% 부자 높이는 방법 배"
biD-m9kwBdY,"KB부동산 KASTILY 부동산클라스 전세 계약서 전세사기 •경매위험 국토교통부 ""무주택자라면 신청가능!"" 전세사기 절대 안당하는집 일단 신청부터 하세요"
pvdbiVJ5EpY,부자들 다 팔고있다 이 지역 조심하세요 GDSK 여기 주택가가 아니면 KB부동산TV
hwXCOcPBtuk,아파트 대신 소자본 빌라 투자? 제발 이것은 주의하세요. 길사를 되겠네 KB부동산
K-XYIbbay4M,KB부동산TV 개발자들 다 떠난다고?! 무너지는 도시 판교의 반란
5l-DUBrMsWI,전세계 다금 모으는데 한국만 안 사는 이유 FINENE 9990 FINENESS 100% 1000 보관이 어려운 이자소득 보관이 어려운 대신 이자소득이 있는 미국 국채 등 달러자산을 보유 KB부동산TV Mo PHO
2bFzBS1z8Y4,"「안전자산이 전세계 탈달러화 시작?! ""금값 더 오릅니다"" 안전자산이라믿었던 달리 러시아 역할보유교 동원 KB부동산TV"
SDlfNugVwxo,부동산클라스 KB부동산 조규원 대표 금 확보 전쟁 시작됐다 금거래소 <스태커스>! 전세계가 달러보다 '금'에 집착하는 이유
RYG6MToKmIM,KB부동산TV 주 정재훈 박사 ※긴급진단※ 보 「주택시장 안정화 방안 발표 구 습니다 추가 KB국민은행 부동산사업부 '집값들썩'에토허제확대지정 25년 집값 향방은?!
HkpQroDBwZg,저라면 몸테크 절대 안합니다 GD 그러니까 내가 조금 KB부동산TV 1
NrKxAkp4NVk,부자들이 부촌만 고집하는 이유 터보832 의견 GDSK 준거 집단의 의견이 의사결정에 직접적 영향! 터보832 의 KB부동산TV 준거집
ir_XQD-eZX8,FINENE 금 대신 투자하세요 두 배 오릅니다 10 9990 FINENESS 100 조규원 대표의 은의 상승 ETH 조규원 대표 의견 원의 상승 요인이 많아 투자하기에 적합한 시기! KB부동산TV
KkAdjrGxPdg,부동산클라스 E1832 대한민국 상위 0.1% 부자 KB부동산 부자들 다 떠났다! 이 지역 이제 안 오릅니다
xJpBO5j2yAs,"경기도에서 대정밀 자사고, 특목고 진학률 TOP3 중학교는? 1000/82427 재 KB부동산"
UMlGWgpYpNE,G 6~7억으로 투자 가능한 아파트는 어디? KB부동산 KB부동산
wLK7HLXRu5g,대장부 KB부동산 상급지 갈아타기 강남입성 지름길?!
96zqyJlcif0,"KB부동산 부동산클라스 FINE GOLD 999.9 조규원 대표 금거래소 <스태커스> 금값, 거품 다 꺼졌다! “앞으로 5년 더 오릅니다”"
350iha_tK1E,내 집 마련하기 전에 이 영상은 꼭 보세요 다해 GDSK 다행히 엄청나게 올라가면 KB부동산TV
7FBeshWlBTQ,금시세 폭락?! 지금이 기회입니다 우리나라만 높았던 김치 프리미엄 가격이 안정화되었을 뿐 KB부동산TV 우리나라딘 미엄 לר
K-cZC7aGCvA,"2024 KB 부 올해 단일 금 총자산은 10 상위 0.1% 부자가 보는 진짜 부자의 기준 2024kg 부자보고서 DSK 700억원으로 23%) 200 85% KB부동산TV 은 부자의 정원(12.3%),"
shqtwu_xeDM,부동산클라스 KB부동산 2025년 터보832 대한민국 상위 0.1% 부자 한국 부자들의 투자 계획 앞으로 '여기'에 몰립니다
52kDD4xYuBU,지식업 클라스 이호선 교수 KB부동산 숭실사이버대학교 50대 이후 인생을 바꿔줄 가장 중요한 한 가지
-COT7LyQWaI,ורוד 노후에는 제발 이런곳에 사세요 거기에 대부분 오시는 분들은 KB부동산TV EO
v_RILZmd-l0,밤 9시만 넘으면 KE 드름산 대장부 과천이 조용해지는 이유 그는 200 김우진 OKB부동산
uZMIIBHFaEM,제가 살아봤는데요 전원주택 살지 마세요 저는 월세처럼 해서 KB부동산TV
PZ2oVk3KPV4,과천 아이들이 KB부동산 순수하게 자라는이유 KB부동산
pDDPF01S07Q,요즘 한국 2030세대가 빠지는 함정 만족스러운게 KB부동산TV
CX6_Cq-N3CY,어르신들이 자주호통치는슬픈 이유 그러신 것도 있지만 KB부동산TV
HFsrXKk97v0,노년기 혼밥이 수명을 단축시킨다?! 그 존재를 지켜주고 KB부동산TV
1Hx8m_DDKfM,KB부동산TV 제2의 성수동되나... 문래동 철공소의 비명
0FT2Cc-Oeqw,사스 지금 당장 자녀 노후연금을 들어야하는이유 상승곡선을 가지고 있다면 KB부동산TV FOT
v7h4ke9J98s,집값 상승률 1위 KB부동산 대정부 16년 동안 5배 상승! 16년 전 집값과 비교하자면? e 6 16ㄴ KB부동산 하자면?
gMUOeGmlIus,지리클라스 KB부동산 노후에는 반드시 이호선 교수 숭실사이버대학교 '이런 집'에 사세요
C0qCQgZOGIE,부동산클라스 KB부동산 트럼프 한국관세 저격 한국의 대비책은?
PIu2-33cesk,"지식의 클라스 ""혼밥이 수명을 단축시킵니다"" 50~65세에 KB부동산 이호선 교수 숭실사이버대학교 꼭 알아야할것들"
U0qBkvCVlR4,한국이 인도처럼 바뀌어야하는이유 그것이 단순히 정부가 KB부동산TV
F3ed8aMKO3k,대장의 과천역 KB부동산 강남은 이제 옛말 과천의 독주
oUaIqRO2ddY,늙은 나를 부모라고 생각해야하는이유 두번째가 중년의 상처 KB부동산TV
3IKb40-JS-c,중년에 꼭 섭취해야 할 필수영양소 4가지 1.201713 그냥 드시면 돼요 KB부동산TV 3
N61QMa-JFKk,중년에 준비 안하면 가장 후회할한가지 볼 수 있는 몸의 변화가 KB부동산TV
ScDtdePqV-M,지식한 클라스 KB부동산 이혼숙려캠프 호랑이 상담가 이호선 교수 숭실사이버대학교 당장 '여기에' 투자하세요 노후가 100% 바뀝니다
FD0e8-349RY,트럼프가 생각하는 비트코인의 놀라운 가치 쓰면 되는 겁니다 KB부동산TV
PUk1O_havds,트럼프 관세폭탄 오히려 한국에 기회?! 그다음에 세번째는 KB부동산TV
OncKJWXGtzg,부동산클라스 KB부동산 트럼프가 한국을 유신의 박사 KB WM스타자문단 절대 못버리는 이유
OAgfguQ0Iw4,KB부동산TV 닭장...? 괴물용적률이 낳은 참담한 서울의 미래?!
VatnerrCo7Q,부동산클라스 KB부동산 유신의 박사 KB WM스타자문단 트럼프가 일론머스크를 선택할수밖에없던 이유
_FjO73Jj7sY,경제 성 사랑스러운 트럼프 대통령?! 경제 성장·일자리 창출 등 트럼프 정권 기대감 증폭 KB부동산TV
8-SmG-DDuuE,미국식 땅따먹기?! 트럼프의 진짜 속내 ② 해상 운송로 KB부동산TV
nvJQkTOVQD4,부동산클라스 KB부동산 유신의 박사 ** KB WM스타자문단 전 세계를 향한 관세공격 트럼프의 진짜 속내는?
1vFMeEsq9RA,부동산클라스 KB부동산 김제경 투미부동산컨설팅 소장 심상치 않은 서울 집값 저라면 ‘이때 집삽니다
kf8o07tG4CI,현재 한국부동산이 최악의 상황인 이유 KB부동산TV
bLHx-i7Qd2k,"부동산클라스 김제경 소장 투미부동산컨설팅 재건축·재개발의 눈물 “기대를 버리세요' "" KB부동산"
YVhnMYz1b3Y,BO 부동산에서 워터파크가 중요한 이유 BOOKS 워터&파크가 동시에 있으면 어때요? KB부동산TV SILOTTE
3ipxvoNvVGc,구축 vs 신축 지금은 답이 없어요 KB부동산TV
Nbb9ltkY0Jo,서울 집값이 비싸지 않은 이유 -10년치 VIKENDI 10년까지 신축이다! 서울 신축 아파트 비중 2% KB부동산TV
CtWjLTbuFCg,부동산클라스 KB부동산 김제경 소장 투미부동산컨설팅 '구축'사라고 하는 사람과 손절해야 하는이유
5y0yalc2skw,파이어족'을 꿈꾸는 시대 취업보다 돈 많이 버는 기술직이 답?! 30대 열심히 나아가는 동기부여 KB부동산
lIybaKNveqo,KB부동산TV 승강기 운행정지 지합니다 200786(16기) 224725% 서울특별시 중구 정 패션1번지의 몰락 휴지된 '동대문 상권'
6KlOaJWP7EY,"부동산클라스 ""내후년부터가 ""더 걱정입니다"" KB부동산 김제경 투미부동산컨설팅 소장 호가 낮춰도 안 팔린다?! 공포의 하락장 2025년"
a6dN7CONAdk,부동산클라스 KB부동산 김경필 머니트레이너 노후생활비 걱정 없애는 가장 확실한단한가지 방법
sLJ4GD-X-as,"부동산클라스 김경필 ""머니트레이너 필수 체크리스트 '이것' 모르고 임장하면 내집마련 후회합니다 KB부동산"
KNdtqxIGhMg,내집마련하려면 얼마를 모아야 할까? 30대 이스) KB부동산
SNmvjOGDGz4,2025년 설날 이후 부동산시장 전망 내가 원하는 지역이 KB부동산TV
78sWszem5q0,KB부동산TV 대전역 Daejeon Station * 성심당의 도시 대전 갈림길에서다
BwdrtVrGD5U,투자를 꼭 하고싶다면 여기에 하세요 0.83배입니다 KB부동산TV
AIRIN16SUE8,부동산클라스 KB부동산 60.787 .953 78-444 12.67 1501 453 12.678 32.000 45.778 53.221 13 가치 폭락 국내 주식?! 23 고공행진 S&P500 김경필 머니트레이너 지금이라도 사야할까?
e9LPR-b944Y,2025년이 기회? 내 집 마련 '이렇게' 준비하세요 BOOKE SPU HAU BER 10.C ENCI BOOK 늦을 가능성이 있기 때문에 KB부동산TV LC
nNVFmEZMD8c,BOOKE SPU RAD BEN RIDE ENCI 지금 '이만큼'저축안하면 평생 돈 못모읍니다 BOOK 나이를 먹을수록 저축률은 떨어질 수밖에 없다 나이를 TIXE KB부동산TV ICIEL
C5CGrHAKKGU,"부동산클라스 김경필 KB부동산 무주택자! 머니트레이너 지금 집 사면 큰일 납니다 단, '이것'은 무조건 하세요"
azNVpHf1Hn0,사회적 문제 '쉬는 청년' 꼭 취업해야 할까? 30대 억지로 취업 때문에 가는 그런 건 KB부동산
MdyXZg6pJKs,당신이 돈을 못 모으는 결정적 이유 답은 딱 하나밖에 없습니다 답은 KB부동산TV
dtmmRaEPow4,"8:11 첫번째 신혼집이 남은 인생을 좌우합니다 역세권, 이렇게 해버리면 KB부동산TV ΙΠ"
fGHCNLaN1xs,부동산클라스 KB부동산 김경필 머니트레이너 2025년 부자가 되고싶다면 지금 당장 '이것'부터 하세요
43jBfYgXaqI,5 30대 중반은 얼마를 모아야 적당한 금액일까?! 40대 5천만원 정도 KB부동산
3pzCIMteRBM,KB부동산TV 삼성전자의 추락 위기의 도시 '평택'
5Xp1feH8e6Y,"자 공급부족, 집값상승? ""위험한생각입니다"" 시장을 일으키는 변수가 아니라 KB부동산TV"
MPc0pgDJ1f0,부동산클라스 KB부동산 4 이광수 광수네 복덕방 대표 올해는 더 무서울 겁니다 제발 집은 '때' 사세요
iouy55i0vE8,도가 청약동장 인정 금액 증가 나에게 득vs실 30대 돈 가진 사람들은 유리할 테고 KB부동산 레고
Emp2BdxHZNw,부동산클라스 P $ 7534) B KB부동산 이광수 광수네 복덕방 대표 내년이 초대박 기회인 이유 '이것'에 투자하세요
npTlRlwKWxU,"부동산클라스 KB부동산 가장 중요한 건 타이밍! 이광수 광수네 복덕방 대표 무주택자 내 집 마련 ""2025년에 기회 옵니다"""
ZXcn65CrBZo,결혼에 대한 사회적 인식 결혼을 꼭 해야 할까? (?) 30대 저는 결혼을 했습니다 KB부동산 저는 LICH
tTYDvFNBz48,"KB부동산TV ""겁먹은 청년들이 떠난다"" 관악구에 무슨일이?!"
L1xSmlZYh1g,"부동산클라스 KB부동산 ""2009년과 똑같아요"" 이광수 광수네 복덕방 대표 공포의 2025년 부동산 하락 신호제대로 떴다?!"
mkPKgZu-SzA,"부동산클라스 KB부동산 ""데이터가 말해주고 있어요"" 김경민 서울대 환경대학원 교수 2025년 부동산 집값 ""내년이 더 무서울겁니다"""
edQTcSTv95g,부동산클라스 KB부동산 2025년 부동산 시장 전망 이광수 광수네 복덕방 대표 서울부동산 하락 진입?! “지금집사면 안됩니다”
9lufJntNU4Y,"울분 공화국 대한민국?! ""30대 울분이 더 많은 이유"" 40대 지금 자리에서 최선을 다하자 KB부동산"
14A1sQbBrJs,"부동산클라스 ""이제 새집 없어요"" 김경민 교수 서울대 환경대학원 KB부동산 2025 최악의 공급 대란 예견된 집값 폭등?!"
Pr86ML3XoXY,"충격적인 부동산 현실 ""매수 문의가 없어요"" 고가주택, 신축 아파트 KB부동산"
YkI3Wa5FsUA,전세사기 문제가 해결되지않는 이유 화가나고요 KB부동산TV
6MbBvBrqQSQ,S 서울 아파트 전셋값이 폭등할수밖에없는 이유 올라간다고 치자고요 KB부동산TV
doBiYokqDr4,부동산클라스 12 10% KB부동산 김경민 서울대 환경대학원 교수 수도권 전월세 폭등전야 내년 부동산이 무서운 이유
Nj2aM1ogwfg,"KBTV ""빈집이 무섭게 늘어난다"" 부산의 미래는 어디로..?"
oSjAtnLLdyw,중국 경제가 망할수밖에없는 충격적인 이유 공급이 더없어요 KB부동산TV
WEcpz-Xqs8s,부동산클라스 KB부동산 서울 집값 김경민 서울대 환경대학원 교수 이제는 되돌릴 수 없다?! 공포의 2025 부동산전망
me3gchRpEy0,부동산클라스 LATES 388 김영익 교수 서강대학교 경제대학원 KB부동산 IMF보다 힘든 경제위기 '이렇게' 이겨내야 합니다.
R5NLBX_oeag,성장멈춘 대한민국 우리 경제는 어디로 갈까? 거의 100% 접근하다가 KB부동산TV
o73Zyri_hHk,"부동산클라스 co 김영익 교수 서강대학교 경제대학원 KB부동산 2025년 한국경제 비상 제발 '이렇게' 대비하세요,"
dhJjHs3CkFs,"한국의 심각한 부동산 양극화 ""현실은 이렇습니다"" 30대 제가 사는 곳이 파주인데 KB부동산 Ell"
mBHIztULPWw,"새파랗게 질린 코스피 외국인투자 언제 회복? 외국인 투심 회복 근거1. 코스피, 명목 GDP 대비 저평가 KB부동산TV"
yhZ6EY-tJiw,"부동산클라스 R ""2025 핵심 투자 전략"" 지금 현금이 있다면 KB부동산 김영익 교수 서강대학교 경제대학원 부자될 준비 '이렇게' 하세요"
Lkjk7TzXJTw,트럼프 관세폭탄 한국경제 직격탄될까? 우리가 그 나라로 수출할 수가 있는데요 KB부동산TV
8oPhcXUUQMI,"부동산클라스 ""달러약세의 시작"" 김영익 교수 서강대학교 경제대학원 KB부동산 2025년 자산시장 대변동 지금부터 '이렇게' 대비하세요"
Rx5qzGpL6qU,"오티 입주 시작한 올림픽파크포레온 ""사람들이 등 돌린 이유"" 온 부동산에 다 전화했거든요? KB부동산 EQ2"
_taaKPM7kTk,"트럼프 당선이 한국에게 엄청난 기회인 이유 특히 2001 특히 2001년, 중국 WTO 가입 KB부동산TV"
JBVRuscjT6I,중국 경제가 망할수밖에없는 충격적인 이유 잡히기 때문에 KB부동산TV
fYFY2s6gufk,"부동산클라스 HA KB부동산 ""한국, 세계 중심 된다?"" 트럼프 당선이 김정호 서강대 경제대학원 교수 한국에 초대박 기회인 이유"
yWLXd0vTkic,일본할머니들의 반격 글로벌 도시가 된 시골동네 영어를 잘하냐면 KB부동산TV
7fqCszW1gh4,현재 서울아파트가 절대 거품이 아닌 이유 그런데 지난 2년 동안의 KB부동산TV FOL
K1qI7w-vrSg,"부동산클라스 KB부동산 김정호 ""서강대 경제대학원 교수 30년 후의 한국 부동산 완전히 다른 세상된다"
eB2PwP1jonQ,"부동산클라스 나 좀 도와줘;; KB부동산 김정호 ""미국이 탐내는 한국만의 기술"" 서강대 경제대학원 교수 트럼프에게 한국이 (반드시 필요한 이유"
BJuw3XngK7k,KB484TV 습니다.조속히 공사를 완료록 하겠습니다. ●공사명: 위해선 도시철도 건설공사 제시한 감리단: 동명기술단 시공사 한신공영주 위례신사선과서부선사업은 왜 16년째 멈춰있나...
ilpcLJSHslk,"부동산클라스 KB부동산 ""더 독해진 아메리카 퍼스트"" 김정호 서강대 경제대학원 교수 3차 세계대전 경고?! 트럼프 오면 한반도는..."
Qe3VPdH3QLo,지식업 클라스 (무례ㅅ) 대놓고 무례한 인간 KB부동산 이헌주 교수 심리상담가 한방에 제압하는방법
VaC0m08u_nM,그러 오늘 당장 손절해야할 인간관계1순위 그런 분들이 보통 좋은 관계예요 KB부동산TV HIGHLO
AYPImUuHkbk,일을 너무잘해도 KB부동산 승진 못하는 이유 잦은 승진 누락 '인간관계'가 원인일 수 있다? KB부동산TV 잦은 승진
NzlikQzvvoQ,지식업 클라스 KB부동산 '이것'부터 점검해보세요 이헌주 교수 당신이 죽어라 일해도 승진 못하는 이유 심리상담가
OanE0ZtEMF4,인생이 달라지는 말투 호감을 부르는 대화 기술 좋아지는 사람들이 있단 말이에요 KB부동산TV
0k-zA-Wotx4,기본합클라스 이현주 교수 심리상담가 KB부동산 왜 사람들이 당신을 피할까? 사람을 끌어당기는 '대화의 기술'
tpnnDGoiJxY,KB부동산 화가많은사람을 대하는 최고의 대화 방법 음조가 내려가요 KB부동산TV
DK67YGoH7w0,성인 기준 7시간30분을 KB부동산 꼭 자야하는 이유 수면에서 중요한 것은 수면( KB부동산TV 것은
Iq6s0EmWRC8,"지식클라스 ""국민 절반이 '장기적 울분' 상태"" KB부동산 ""왜 이렇게 화가 날까?"" 이헌주 교수 심리상담가 화가 나서 미치겠다면 이렇게 해보세요"
qc8V6QI1lZM,"부동산클라스 KB부동산 ""이러다 정말 큰일 납니다"" 혼돈의 전월세시장 이상우 대표 인베이드투자자문 앞으로 집값 이렇게 됩니다."
_FTgwCCwHZA,반포보다 높은 공사비? 은평구에 무슨 일이?! 시공사인 현대건설이 KB부동산TV
1JBSjWbmLqQ,KB부동산TV 반포보다 높은 공사비! 한현 정지신호가 7시! 힐스테이트 대조제 1구역 주택재개발 현장 GITE3 공사비 폭탄에 '날벼락' 은평구에 무슨일이?!
NEsonjFs9tw,철도 개통 호재 투자 적정시기는? 몇조씩 들어가는데 돈이 안 나오잖아요 KB부동산TV
Jamb5F3uuik,"부동산클라스 제발 착각하지 마세요"" KB부동산 이상우 대표 대한민국 부동산 집값 인베이드투자자문 앞으로 '이런 곳만 오릅니다."
zU26epjHgO8,신축보다 비싼 구축? '죽신'보다 중요한 이것! 압구정은 왜 그러냐? KB부동산TV
QEqr1gerc1c,"부동산클라스 KB부동산 이상우 대표 인베이드투자자문 “이제 신축도 소용없습니다"" 이런 아파트가 살아남는다"
Y7rz2zHU3co,부동산클라스 서동기 대한민국 1호 부동산학 박사 KB부동산 초고층 아파트의 끔찍한 미래 무너질 일만 남았다?!
G70Sw839op4,"이상우 대 다주틔 혼돈의 전월세시장 주거비용상승원인은? 이상우 대표의 의견 다주택자 규제의 결과는?! 전세 상승, 월세 상승 KB부동산TV 가는?!"
tSUqGjKOIVc,"부동산클라스 KB부동산 ONE BAILEY ""모두가 속고 있습니다"" 요즘 고가 아파트 사는 이상우 대표 인베이드투자자문 사람들이 많은 진짜 이유"
AaB2lviuJ2Q,"""재건축 시대는 끝났다"" 리모델링이 답?! 그래서 처음에 지을 때 KB부동산TV"
RMVlIApQaLU,"재건축 대박 신화 ""앞으로는 없습니다"" 지금은 30평 아파트를 KB부동산TV"
cC0FC5ijUEY,"집을 꼭 사야하는 이유 단, '이' 사세요 TI- 지금은 경기침체가 안 오면 KB부동산TV"
xCV3wNYtd6E,OK 한국부동산거품은 이때 사라집니다 그럼 그럼 거품은 언제 꺼지느냐? 언냐? KB부동산TV
ViJv_hGxLxo,"부동산클라스 서동기 대한민국 1호 부동산학 박사 KB부동산 재건축시대 끝났다!"" 슬럼화는 예정된 결말?!"
pZA_-q_a3d8,현재 한국부동산이 진짜 위험한 이유 그게 4년이나 5년 하락기간을 거쳤으면 KB부동산TV
rFbxxUTYWtI,과거 입주대란악몽 둔촌주공은...? 물량 폭탄 KB부동산TV
PhFGoj7zHbw,미국대선 이후 경기침체온다?! 결국에는 경기가 KB부동산TV
Qve61sTq0TM,부동산클라스 서동기 대한민국 1호 부동산학 박사 KB부동산 아파트공화국의 참담한 미래 무너질 수밖에 없는 구조?!
UJk6AtQn8uA,부동산클라스 서동기 대한민국 1호 부동산학 박사 KB부동산 집값상승은 이상현상! 한국 부동산 붕괴 조짐?!
vXBBb1c1LCU,"지식 클라스 ""건강을 위해 '이것'이라도 ""제발 챙겨드세요"" KB부동산 이진복 원장 가정의학과 전문의 의사가 뽑은 슈퍼푸드 최고의 음식 4가지"
_3nEfmQHgNU,KB부동산TV FOREON 올림픽파크포레온돌풍온다 '둔촌주공살리기' 성공?!
ZR8jW4EThq0,1805 내장지방 무조건 빠집니다 내장지방 태우는 3가지 방법 성인의 성장호르 성장호르몬은 천연 식욕 억제제 & 천연 다이어트 호르몬 KB부동산TV 제제 &
MYsmv8_Oir4,301 남성건강의 척도?! '이것'이 성인병의 원인 내장 쪽에 지방이 쌓이기 시작하잖아요 KB부동산TV Hatolo
zW4JaLqfRTA,지식클라스 KB부동산 이진복 현장 가정의학과전문의 '이것' 무시하면 성인병 걸립니다 지금 당장 해야 할 3가지
ASZ2WRSPN_U,"먼저 연락해도 무관심한 집주인 계속 터치하는 집주인 ""연락이 없으실까봐"
kFyF4tRGJXE,"저탄고지 다이어트가 위험한 이유 케토시스, 키토라는 말을 상당히 많이 쓰고 있는데 KB부동산TV 780 510 1022"
gGsRPuDNxwA,HFOIL GIOL 오트밀의 불편한 진실 '독'을 먹고 있습니다 밥에 넣어서 오트밀 밥(귀리밥)을 먹든지 KB부동산TV
CRlL0HHwg5A,지식업 클라스 KB부동산 이진복원장 매일 땅콩버터 2스푼 가정의학과전문의 중년 뱃살 무섭게 빠집니다.
FcL98llTJBY,그런가 하면 알짜 입지에서 나온
P17idtjumJ4,가장 비싼땅 '명동'의 아파트는 어디? 2011년도에 완공됐습니다 KB부동산TV
wBo9A964pcE,"아침에 먹는 '이것' 다이어트에 최고입니다 Op Estangol & PRAT CSTNESS 달걀, 무가당 그릭요거트, 천연치즈, 낫토 KB부동산TV HTT"
7qJ7XzkYrC0,그런데 청약 남일 인정 금액 11월 1일 상
zh4bkKviM_M,가장 비싼땅 '명동'이 관광명소가 된 이유 E 바로밝은마을이라는 KB부동산TV
mrL54i0lGXc,간헐적 단식 제대로 하는 법 공복시간 12:12 공 PRAD OCUL KB부동산TV
Xk5MqfACgpk,"지식업 클라스 10 1112 1 2 6 3 8 4 ""비만연구만30년"" 이진복원장 가정의학과 전문의 KB부동산 가장 쉬운 간헐적 단식 방법 '이렇게' 하면 무조건 빠집니다."
r-Yj5z-LYA0,대 한민국 해외 부동산 구입 부동산 구입 20대 더 공부해서
Kt5vRB46qec,다이어트 성공하려면 두 가지 원칙만 지키세요 다이어트에 실패하는 원인 2. 지나친 소식과 절식 KB부동산TV 다이 212. TILL THAI
nlPl7bkAwsg,"지식의 클라스 뱃살이 무섭게 빠집니다"""" KB부동산 이진복원장 가정의학과전문의 의사가 직접 먹고 증명한 아침 공복 최고의 음식"
MYDsQStZqNA,"부동산클라스 KB부동산 신현강 (부룡) 부와 지식의 배움터 대표 ""과거가 반복되고있어요"" 집값 전고점 못 넘는 이유"
YB0cqRNTMa0,30년 투자로 깨달은 '저평가' 찾는법 계속 청량리 얘기가 KB부동산TV
tFeLT0cwQdw,KB부동산TV LLOYD 유령도시로 전락했던 '명동'의 부활
GEENLqopzaQ,부동산클라스 KB부동산 신현강 (부룡) 부와 지식의 배움터 대표 다른거다필요없습니다 오르는 아파트 '이것'만 보세요
52SLQrK-n_g,햇빛 2030세대가 반지하층은 조금 햇빛이 안 들다 보니까 금 니까
rxR_Kc7uG-s,무주택자에게 지금이 기회인 이유 지금샀으면 좋겠다 KB부동산TV
dQs1-bWFrT4,"부동산클라스 KB부동산 ""환상에서 깨어나세요"" 무주택자들이 신현강 (부룡) 부와 지식의 배움터 대표 땅치고 후회할 행동들"
_DNM4b5KOdM,EX DTI 40%라면 내 연 소득의 40% 넘지 않게 대출해 줌
p_NfRYEIF40,"KB부동산 지식업 클라스 ""잘못된 건강 상식이에요"" 골고루 먹으면 류은경 소장 완전해독연구소 오히려 독이 된다?!"
VPvzEVbwki0,제발 착각하지 마세요 집값더안오릅니다 TI 지금은 직전 장의 모습과 KB부동산TV
Z1Up7N2sodA,"부동산클라스 KB부동산 000 신현강 (부룡) 부와 지식의 배움터 대표 ""부동산집값끝이 왔다"" 하반기부터 조심해야 합니다"
3qvmNyQjqYU,퐁당퐁당 연휴 꼭 가봐야 할 추천장소 (한강 매니아) 뚝섬도 가보고 다 가봤는데
g3urxG3xXxA,살이 안 빠지면 '이것부터 확인하세요 AD 바로간입니다. KB부동산TV
l-RRT2gfLgw,"지식업 클라스 880 ""딱 일주일만 해보세요"" 류은경 소장 완전해독연구소 KB부동산 염증 줄고 뱃살 쏙 빠집니다 아침 공복 최고의 음식"
7pmWOJ-LPrI,KB부동산 혈당스파이크 잡는 최고의 과일 레시피 과일 과일을 갈아 먹어야 한다면? 채소 目 과일을 129 1:1:1 ? 과 부동산클라스
1TqMIYHhNCY,골고루 잘 먹으면 골고루병 걸립니다 KB부동산TV
OHn9MCE03Bs,"지식클라스 ""저는 매일 이렇게 먹습니다"" KB부동산 류은경소장 완전해독연구소 위장질환과 노화 예방하는 초간단 식사법 대공개"
vf-WpyUylR0,"부동산 투자 주식 투자 20대 부동산 투자를 ""선택하겠습니다"
7IEBZRuOSbs,KB부동산TW 분당 시범1구역 삼성한 한양아파트 재건축사업 우선협상대상자 선정 분당 시범1구역 재건축추진준비/KB부 결국 분당만? 재건축사업성 미지수 1기 신도시의 결말은?
mt-al9fXedA,Ph 7.2~7.4 우유를 당장 끊어야하는 이유 Ph7.2~7.4 건강체질은 약알칼리 체질 KB부동산TV
pxq7kHdbdRE,지식클라스 류은경 소장) KB부동산 완전해독연구소 몸이 미친듯이 늙습니다 '이것' 당장 끊으세요
9JSST58NUuc,제발 STOP!!! 가장 듣기 싫은 명절전소리 20대 프리랜서 약간 돈 얼마버냐
AmiVLQBhuHo,증가하는 자폐스펙트럼 원인은 바로 '이것' 근데 뇌에는 50종 이상의 영양소가 필요하거든요 KB부동산TV
wC9ddK5UGlw,"지식업 클라스 ""보약보다 더 좋습니다"" 류은경 소장 완전해독연구소 밥먹기 30분 전 ""이것"" KB부동산 몸속 독소가 싹 빠집니다"
1NICZzAzjkU,"이 Q4 이자 부담이 큰데, 이를 줄여 줄여달라고 할 수도 있나요? 나요?"
ZEudqwqMCaY,LEZADER 30년 투자자의 청년들을 위한 조언 그러다 안되면 KB부동산TV
n43vWbhts0U,부동산클라스 KB부동산 돈이 안모인다면 아기곰 30년차 부동산 투자자 '이것'부터 시작하세요
U2WBm2TiQcE,원룸 매매하기 30평 아파트 월세살기 20대 30평 아파트 월세 살기
36O4SD7VJs4,NIDE THE '청약'이 오히려 독이 될 수 있는 이유 청약 기회가 그만큼 줄어든다는 얘기죠 KB부동산TV
1HmtOMzhY7Q,부동산클라스 KB부동산 후회하지 않으려면 아기곰 30년차 부동산 투자자 제발 '이런 집'을 선택하세요
e7gKMQeduCg,적지 않습니다
tgLeddrMC_E,KB부동산TV DIOR 흥행 '팝업스토어' vs 죽어가는 '상권' 성수동의 두 얼굴
SPh3Wu7GsOg,현재 부동산 상승이 무서운 이유 2020년 8월 이후에는 KB부동산TV
BxrvnN9b294,부동산클라스 아기곰 30년차 부동산 투자자 KB부동산 한국부동산에 나타난 이상신호 무주택자는 '이렇게' 하세요
1VuQNsHoZf0,부동산클라스 심형석 교수 KB부동산 미국 IAU 부동산학과 부동산 분위기가 바뀌었다 요즘 집값 무섭게 오르는 이유
dOjt5nLBghA,"OAKB부동산의 전세안전진단 알고 계신가요? ""무료라고요?!"
IrftxDUMwKI,똘똘한 한 채의 새 기준? 이걸 보시면됩니다! 자랑스럽게 밖에다 이야기할 수 있을 거예요 KB부동산TV
3JsyuSfbNas,부동산클라스 심형석 교수 KB부동산 미국 AU 부동산학과 이제 30평 시대는 끝났다?! 앞으로 이 평수가 오릅니다
v291kPfE_E4,주 주차비상패 (주차 공간 부족) (4 0 0 0 0 0 0 0 9 )
CiCoSo-5Qs4,초품아? 역세권? 이제는 '이것'을 보세요! 도심 접근성 강화 외곽지역에 GTX 노선 신설 KB부동산TV ㅏ 서시서
C2wNcln1jO8,부동산클라스 가격 입지! 심형석 교수 KB부동산 미국AU 부동산학과 앞으로 무섭게 오를 아파트 '이것'만 보시면 됩니다
G3Za_k6P8FQ,MZ세대가 생각하는 부동산 Q. 집을 꼭 사야할까? 은퇴 후까지
E4jrJbMbRaM,"무주택자주목! ""지금이 매수 타이밍입니다"" 대부분 회복했지만 KB부동산TV"
640cPvKNe1E,"부동산클라스 심형석 교수 KB부동산 미국 IAU 부동산학과 과거와 완전히 다른 흐름 집값 결국 이렇게 된다"""
wgc1xUNpyTE,신생아특례대출 정부표 주택구입자금·전세자금대출 출신(입양) 가구에 주택자금을 주 낮은 금리로 빌려주는 상품 즉 출산(입양) 가구에 출
tJRwiC-LTC4,분양가 상한제
T1QWWCOtikE,지식클라스가 KB부동산 100 강준영 교수 한국외대 국제지역대학원중국학과 전 세계가 탈출하는 중국 그리고 시진핑 리스크?!
v-gk-FLm97Q,아파트는요?!!!
4z6BY4yTrZU,중국은 도대체 왜! 문화 공정을 할까? 또 나름대로 세계적으로 기능을 했죠 KB부동산TV ㅇ해
HIHW84B0UME,지식클라스 KB부동산 강준영 교수 한국외대 국제지역대학원중국학과 한국 문화가 다 중국 것?! 억지 주장하는 진짜 이유
rzD7pcI-7xQ,미·중 패권전쟁 속 우리나라의 선택은?! 'HEN' 미국과 중국 '선택'이 아닌 '설득'의 대상 KB부동산TV OLTHAE
yPuIwDJJ3oQ,"지식업 클라스 강준영 교수 KB부동산 한국외대 국제지역대학원중국학과 “중국은 왜 망하지 않을까?"" 한국만 모르는 '진짜 중국'"
EE8I1B0Trl8,(이렇게 쉽다고..?) SH형 공공주택추천 두부집님께서 제 조건으로 공해주신 새로운 집을 찾고있어요 서울시 강서구 등촌동 외 1곳
m6AKaIrT5J8,구조적으로 심한 단지가 있으니
r59GrFQfRoE,312 위기의 중국 경제 악순환에 빠진 이유는? 대출도 굉장히 완화해 줬고 KB부동산TV
-oEjWmuInwE,지식업 클라스 강준영 교수 한국외대 국제지역대학원중국학과 KB부동산 파국으로 치닫는 중국 경제 역대급 위기 오나?
f2BW8BSqD34,"부동산클라스 KB부동산 송희구 작가 자산 200억 만든 비결 ""부동산은 이렇게 접근하세요"""
tCDPBleXfWg,1억5천~2억이 있다면 '이곳'을 주목하세요 그리고 2억정도로 볼만한곳이 KB부동산TV
n4fUt9UDIlI,4~5억이 있다면 '이곳'을 주목하세요 그래서 이게 금액마다 KB부동산TV
H_2oquMKZKU,"부동산클라스 ""다 알려드립니다"" % 200억 자산가의 금액대별 투자전략 KB부동산 송희구 작가"
v6Xv-85YgMc,지금부동산시장이 무서운 이유 막화를 내다가 울고 이러는데 KB부동산TV
baTUBA0yLPw,6~7억대 아파트 저라면 '이곳'을살겁니다 그리고 길음뉴타운 KB부동산TV
iXN6mdgql3U,앞으로 10~15년 부동산대세가 될곳 거의 비슷합니다 KB부동산TV
kw6VYB8j78I,"부동산클라스 KB부동산 송희구 작가 수도권 가성비 아파트 ""저라면 이곳에 투자합니다"""
LFu4vQbOOg0,현재 부동산시장 '이'를 조심해야합니다 하지만 강한 상승도 KB부동산TV
3FIsxxqDE4c,꼭 기억하세요
rSEWWwCGw38,"부동산클라스 반등?!! 과거와는 다른 흐름 “제발 속지 마세요"" KB부동산 표영호 굿마이크 대표"
x_cWv64xj0E,부동산클라스 KB부동산 송희구 작가 신축 말고 이런 '구축' 사세요 이런 곳은 무섭게 오릅니다
y1U4IT-N8Ug,부동산클라스 표영호 시장 반등?! 굿마이크 대표 KB부동산 지금은 너무 불안합니다 집은 '때' 사세요
6l3WJoQZP7c,제발 법을 바꿔주세요 빌라는 나쁜게 아닙니다 서민들이 꿈을 꾸고 KB부동산TV
TuNHFaPXWp0,부동산클라스 표영호 굿마이크 대표 KB부동산 부동산 투자한 사람만 아는 실제 시장 분위기
CeeaJp8yRmw,부동산플리스 5000 KB부동 김현우 소장 통장 잔고 늘어나는 행복자산관리연구소 자산관리 꿀팁 대공개
pDiXjSKJWC0,현재 대한민국의 집값 '버블'이 확실한 이유는?! M 5천만원을 그대로 모은다고 해도 10년이면 5억 KB부동산TV JOLFOIHESH
_cp9nM4Qi4g,"부동산클라스 ""제발 속지마세요"" 표영호 굿마이크 대표 KB부동산 지금 부동산 집값 분위기 정말 솔직히 말씀드리면"
weic9eKVukk,손보긴 했습니다
kMCPUkaopBk,청약통장깰까? 말까? 한방에 알려드립니다 출생률도 떨어지고 있는데 KB부동산TV
4TCBvkQcdsQ,부동산클라스 ANPS 국민연금 Natron Serv 5000 KB부동산 김현우 소장 행복자산관리연구소 국민연금 한 살이라도 일찍 받아야 하는 이유?!
MsUsMw-mi0E,이율 높은 예금·적금 '이거'로 가입하면 됩니다 신문 기사가 나오면 고민하지 말고 KB부동산TV
Ton2hKc6jtk,부동산클라스 김현우 소장 KB부동산 행복자산관리연구소 가장 빨리 1억 모으는 법 '이렇게'만 따라하세요
AO9j47xM03g,"부동산클라스 KB부동산 박상인 교수 서울대 행정대학원 경제위기 덮친 한국의 현실 “앞으로 집값 이렇게 됩니다"""
UgHTxIKH0_M,같은 월급 받아도 돈 못모으는 결정적 이유?! 바로 행동하시더라고요 KB부동산TV
f23sNU-Dd-Q,"부동산클라스 200 13. 11 22 38 2,60 9.49 출금 김현우 소장 1200 행복자산관리연구소 80 KB부동산 1,73 38 당장 '이것'부터 끊으세요 돈이 저절로 모입니다"
VJSD0kOuimM,"부동산클라스 KB부동산 ""10년 후가 너무 걱정돼요"" '이것' 안바꾸면 박상인 서울대 행정대학원 교수 한국부동산 답없습니다"
DYT4IwAWIEM,파악할 수 있어섭니다
yy88XSjN4uY,용인 반도체 클러스터 실패 가능성 높은 이유 20년 동안에 KB부동산TV
yFzsadNpwLA,"환승 없이 55 강남까지 출퇴근가능한 청담 가성비 역세권 단지 강남구청 고 55분소요 정당 강남구청 고속터미널 (논현역,학동역) 내방 총신대입구 (이수) 약1시간소요 동역 0 내방 논현이나 학동 등으로 총신대입구 (이수) 소요"
bzQoodjuUps,일본보다 심각한 한국 최악의 경제 상황 일본은 장기 침체로 KB부동산TV
rstU-jtI2bg,부동산클라스 하이닉스 SAMSUNG 박상인 KB부동산 서울대 행정대학원 교수 대기업도 줄줄이 무너집니다 총체적 난국에 빠진 한국
jxhZehMS0HE,77 현재 우리나라가 위기인 진짜 이유 이거는 사실 KB부동산TV
izTSNRGvrvE,가계부채 많다고 경제위기 안옵니다 돼있어요 KB부동산TV
ru8A7Mcl37s,부동산클라스 護 KB부동산 4:4 38.000 이장원 세무사 가족 사망 후 휴대전화 해지하면 안 되는 이유
9Es0-wrDHo4,부동산클라스 KB부동산 박상인 •서울대 행정대학원 교수 일본보다 심각한한국 상황 역사상 최악의 시나리오
G5b_xhwmZ0U,"HIOTTL 1444 KB부동산 부모님이 대신 낸 보험료 세금폭탄 맞을 수 있다?! 계약자 그다음에 피보험자, 수익자거든요 부동산클라스"
zT2ZQfN7VdU,임장가자 KB부동산 7호선 연장에 GTX 호재까지! 청라신도시 따라잡은 동네는?
e8qv680_2d0,KB부동산 더치페이 조심하세요 잘못하면 세무조사까지? 제가 봤을 때 소액은 부동산클라스
WGTDAZHktzA,"부동산클라스 04/09/2 1,04 2 4/1 24/18/1 201 ""증여세안냅니다"" 500 평생 세금 걱정 없는 현금 증여 방법?! KB부동산 이장원 세무사"
xfRexdzFg-o,"ALLWAYSTER KB부동산 나도 몰랐던 땅이 있다?! 숨겨진 조상땅찾는 방법 증조부 (땅)이냐, 아니냐 부동산클라스"
QBLX2GsgG9Q,"부동산클라스 KB부동산 ""한국 상속세 OECD 1위” 상속세 '이렇게'하면 이장원 세무사 절반 이상 줄어듭니다."
pECQXw8UCaM,부동산 가치도 높아질 겁니다
6KF5a1UcyU8,"입장가자 미니 신도시급 ""주거타운?! KB부동산 강남까지 환승 없이 출퇴근 가성비 역세권 단지는?"
cs4VXwg4F7g,"상속받은 아파트 KBYS 취득세 낮추는방법이 있다? 1주택자 무주택자 2,96% -0.96% 취득세율 3배 차이 1주 2,9 부동산클라스 치트 식자 5% 하이"
g1m0AsjEZXc,"부동산클라스 ""현금? vs 지분?"""" KB부동산 이장원 세무사 부동산 상속 '이렇게' 하세요 아니면 99.9% 세금 폭탄!"
gk4VYXV3NvE,comum KB부동산 가족사망후 휴대전화 해지하면안되는 이유 남편이 어떤 채권과 부동산클라스
kmpV2zoplec,SER FUTEL KB부동산 부모님 돌아가시고 3개월 빚 대물림을 막을 수 있다? 그러면 결국은 채권자들은 상속재산을 한도로만 부동산클라스
TkAq9kLt-tY,"부동산클라스 KB부동산 ""99.9% 세금폭탄"" 이장원 세무사 유주택자 부모님 돌아가셨을 때 '이것'부터 해야합니다"
wDxVEXfy2bQ,KB부동산 은퇴후 인생설계 성공하는 방법 다 이러고 있어요! 부동산클라스
tXe1BvzI8iU,부동산클라스 KB부동산 진짜 '위기'입니다 급매물 기회?! 부동산PF 역대급 빚더미 집은 제발 '때' 사세요
sbIfe-Ie1Z0,חד 제발 40대에는 KB부동산 저축하지 마세요 거짓말 하나도 안보태고 부동산클라스
o9WNJTCrvzE,KB부동산 한국부동산구조부터 바꿔야하는 이유 사기치고 그다음에 전세로 부동산클라스 P
WPjRwCGDrV4,부동산클라스 KB부동산 집은 이때 사세요 진짜 '위기'입니다 피바람부는 빌라시장 한국부동산의 미래는?
W2LiXnXS8sY,내 집 마련 시 초기 자금 부담을
kDg2YGR-H-o,KB부동산 자산이 500억 있어도 행복하지 않은 이유 왜냐면 앞에서 3대 재앙이 부동산클라스 FOL
ZX3HZo0KHSQ,0:1 KB부동산 3년만에 10억갚고 건물주가되기까지 영업이 생각나는 거예요 부동산클라스 1Q
9W8TII9uumU,"KB부동산 ""60년대생이 온다"" 집값 급락징조?! 지역을 이동하거나 더 작은 데로 가거나 부동산클라스"
Er0xMNbfhLU,"부동산클라스 KB부동산 ""집 팝니다"" ""절대 안팔아요!"" 베이비부머 은퇴 쓰나미 집값 끌어내릴까?!"
BEwONnAQ1H8,저 KB부동산 올해 급매 잡을 수 있는 절호의 기회 점점 사라져 가는 거죠 부동산클라스
KktWFMMvD-s,부동산클라스 KB부동산 김인만소장 부동산 박정호 교수 하반기 집값전망 이광수대표 심리 매도 반등온마 S 커진다
QCqeJe16cEs,KB부동산 이의상 단희쌤 노후파산 남일 아닙니다 제발 '이렇게' 준비하세요
srhBApmXp6A,KB부동산 현재 부동산 상승이 지속되기 어려운 이유 거래가 증가했습니다 부동산클라스
8ovI7T-q-vY,임창가자 <슬세권에 GTX 공사중 KB부동산 GTX-A 연말 개통 예정 동탄 따라 20억 찍을까?
D6D5vyrirFU,부동산긴급점검 KB부동산 분위기 달라졌다?! 앞으로 하락하는 거래량 늘어난다거 않으 부동산클라스 5
56urz8iwfN0,"부동산클라스 KB부동산 ""하락 거래량 자리 좀 바꿔줘요;; 늘어납니다"" 부동산 긴급 점검 ""언제요?"" 치열한 집값토론"
sIKaPsvj0Q0,이의상 단희쌤 KB부동산 은퇴자가 절대 하면 안되는 부동산투자 4가지
87D_lgPtSBY,자기 그러던 어느날. 퇴근하고 집에오니 아내가 하염없이 울고 있더라고요 자기야 ? 키야 그래?
G9sQXyc--VY,입주권이 나오는 게 아니거든요
WU0v45uYXBU,임장가자 곧 5개 노선 지나는데는말? 지금 고양시를 KB부동산 대한 주목해야 하는 이유 1997 5.4% 2000 4.4억 2005 5.3 22143
1SVBkazcoJs,10000 이의상 단희쌤 2억으로 은퇴하는 가장 현실적인 방법 KB부동산
ybhxI85fjYA,부동산클라스 KB부동산 고개 든 부동산 위기설 전영수 한양대학교 교수 앞으로 집값이 위험한 이유
jBLKoSLMZM0,KB부동산 이의상 단희쌤 퇴직 후 99%가 겪는 50대 이후의 진짜 현실
thajoDqlPss,지식업 클라스 이계호 태초먹거리 학교 설립자 현미의 불편한 진실! '독'을 먹고있습니다 KB부동산
r5TcFyg-bxU,세대부조형의 더 내고 더 받자! KB부동산 연금개혁의 진짜 해법은? 세대부조형의 전제 후속 세대의 진정성 어린 참여 부동산클라스
DJApS2qZ8ig,부동산클라스 KB부동산 전영수 한양대학교 교수 경험하지 못할 일 벌어진다 진짜 무서운게 오고 있다.
t2NSd4k75MU,KB부동산 굶지 않아도 됩니다 살빠지는 기적의 식사법 에너지 소모량을 확 줄여버려요 지식헙 클라스
WDJfxz5KPTQ,지리 클라스 KB부동산 go%가 잘못 알고 있습니다. 이계호 태초먹거리 학교 설립자 다이어트에 오히려 독되는 간헐적 단식 부작용
Xqn-kMnw01g,1월 200만원대 대형스파시설 보유한 도심형 실버타운 KB부동산 얘기해주신 데는 저기인가요?
4HDl-5A94Bg,도심 속 실버타운 평창 카운티 80세 할아버지가 실버타운에 간 이유 속이 빈 데다가 KB부동산
ZvkVU6kzUL8,입장가자 서울부촌 -80세 입주자 평창동 실버타운 KB부동산 생활비는 얼마일까?
R140T9Iu6I0,KB부동산 결혼하지 않는 청년 해법은 주거비에 있다 청년 인구보다 빠르게 줄어드는 일자리 부동산클라스 청년 인 RITHI
drdxYGY1xtU,"부동산클라스 “끔찍한 인구 재앙"" 결혼 거부하는 사회 KB부동산 전영수 한양대학교 교수 예견된 부동산의 몰락?"
RY1vpdP1Oe8,하루에 물 2L KB부동산 마시면 안되는 이유 물 과다 섭취 증상 2 어지럽고 머리가 아프다 지식클라스
zn3Lg3-jeoU,"제클라스 KB부동산 ""하루 물 2L 마시면 큰일난다?!"" 이계호 태초먹거리 학교 설립자 99%가 잘못알고있는 하루 물 권장량의 진실"
fqV_DKc5yYw,"놓치면 후회! 서초구 저평가 지역 대규모 분양예정 일반분양은 1,251가구 정도"
9T26mrkRSrQ,% % 받을 수 있다는 겁니다.
XKHfWdFGCCA,대리행 대단지로 변신 중) KB부동산 제2의 반포될까? 서초구 저평가 지역
-5JnMy4oloY,KB부동산 10년 뒤에 사라지는 한국 K-저출산이 위험한 이유 인구 소멸 국 기여시 인구소멸 국가 1호 과연 실현 가능성이 있을까? 부동산클라스
cD5k1wJj7fg,"부동산클라스 KB부동산 ""10년후 출산을 제로"" 소멸하는 대한민국 전영수 한양대학교 교수 “체감하는 순간 끝났다"""
wgSDXg4KbdU,"KB부동산 좋은 음식을 먹어도 독이 되는 이유 장건강은 먹거리, 생활습관, 환경 지식클라스"
Mfe3NJRJIpQ,"KB부동산 박문호 ""IQ 낮아도 명문대 갑니다"" 30년 뇌과학 박사 뇌과학자가 자녀와 공부할 때 꼭시키는 한가지'"
RIXeClz5wVQ,KB부동산 현미의 불편한 진실 '독'을 먹고 있습니다 우리 몸속으로 흡수가 되지 않고 지식클라스
SCTqaWOrP_w,"지식클라스 KB부동산 ""면역력의 80%"" 소화가 안된다면 이계호 태초먹거리 학교설립자 장건강에 답이 있습니다"
DwsUwo-Q144,부동산클라스 KB부동산 김학렬 소장 스마트튜브부동산조사연구소 위기의 한국 부동산시장 제발 이런 집은 사지 마세요
BntSUlrcQ10,국평 가격 40억 넘는 곳 15개동이 한강변을 따라
4WH5TUz5Y10,대리기행 RAEMIAN BASINGE KB부동산 치열한 대장 싸움 반포재건축 현장
d1IqOjvnxPE,피어 KB부동산 미국을 지배하는 2.5% 유대인의 비밀 기억한다 다 담겨있는 의미입니다. 지식클라스 1911 IEL
i6TROhG6DMc,지식업 클라스 F45277 워런버핏 KB부동산 빌 게이츠 마크 저커버그 유대인이 부자가 많은 이유
e6pKc5AlfF4,내집마련 후 KB부동산 뼈저리게 후회하는 이유 말씀드린 이유는 부동산클라스
BnnvQIDzrCQ,공부한것을 KB부동산 절대까먹지않는방법 그래서 딱 지식클라스
pqYvNWoVAy0,그러기 KB부동산 서울 진입이 어렵다면 '이곳'을 주목하라! 그런데 경기 북쪽지역들 같은 경우는 부동산클라스
vUNQn94lV_8,TJ 80 KB부동산 인구감소해도 '이런곳은 살아남습니다 제 용어로 경기도F4라고 하는데 부동산클라스 하느데
1OnkK-f1hpc,"부동산클라스 KB부동산 ""25년차 입지 전문가의 조언"" 김학렬 소장 스마트튜브부동산조사연구소 서울말고 집값 오를 곳 바로 '여기'입니다"
oppstwnYThA,직접 신청해 전환 가입할 수 있고요
51Sv8qJ0u_k,입장가자 홍대입구 Hong Univ 大学 カンデック KB부동산 Mㅖ공략! 홍대 게스트하우스 수익률이 이 정도라고?!
U87wB0o_v0Q,지식업 클라스 한번 공부한 내용을 죽을 때까지 KB부동산 박문호 30년 뇌과학 박사 기억하는 학습법
lP3pdcV3rwg,검찰 한국으로 귀국한 집주인을 만나 드디어 보증금을 받는 줄 알았지만 돈 없다고 빈번하게 구는 집주인 보고 또 멘붕. 없는 00 고소
yK4bUxNvKBY,부동산클라스 KB부동산 김경록 미래에셋자산운용 고문 5억짜리 아파트 주택연금 실수령액은?
HpQAhlpq6eU,"부동산클라스 KB부동산 ""이제 새집 없습니다"" 김학렬 소장 스마트튜브 부동산조사연구소 최악의 부동산하락장 실패하지 않는 투자원칙"
Je1eWDRnD4s,입장가자 댕댕이랑 데이트하기 좋다 KB부동산 ※반려견 키운다면 필수 시청※ 댕댕이 핫플 모음ZIP
Owt_a4IVSbk,"KB부동산 가장 확실한 노후준비 '이것'만 따라하세요 노후준비 주식, 리즈, 채권 부동산클라스"
hejERe8WSXE,"부동산클라스 ""죽을 때까지 일하는 시대"" KB부동산 김경록 ●미래에셋자산운용 고문 은퇴 후 월 500만원 '이렇게' 준비하면 됩니다"
jZc0GPY30DU,IQ 낮아도 KB부동산 공부잘하는방법 상투적인 걸 지식클라스
raqA3WItofc,"지식클라스숄 (음) ""IQ 낮아도 상관 없습니다"" 머리 나빠도 명문대 갈 수 있는 최고의 공부법 KB부동산 박문호 30년 뇌과학 박사"
1L-7ahzX9jc,대리행 RENEK 31 KB부동산 교육열 1위 대치동 충격적인 재건축 현장
QRohCgbLrAY,KB부동산 5억짜리 아파트 주택연금 실수령액은? 그래서 저는 주택연금을 다른 말로 표현을 하면 부동산클라스
QUzxyySqkhM,"부동산클라스 ""부동산 시대는 끝났다"" KB부동산 김경록 미래에셋자산운용 고문 “집 한 채로는 위험하다"" 나이들면 분명 후회합니다"
4wGziB9ZJOU,KB부동산 당신의 멘탈이 약한 딱한가지 이유 멘털이 강하다고 볼 수 있죠? 지식클라스
-2mVOXdCVAc,"지식 클라스 KB부동산 ""제가 직접 해봤습니다"" 멘탈 강해지는 박문호 30년 뇌과학 박사 가장 쉬운 방법 한가지'"
gGuWkhDOm_g,서울 여의도 일대 아파트가 mwo
SQaAOhreC_k,중국의 위기 KB부동산 한국은돈축제 시작! 한국인 한국문화를 지식클라스
IOWkQc3FDSw,대리기행 KB부동산 한국 최고의 안전자산은 바로 '이곳'입니다
zhv9Tszct8Y,놓치면 후회합니다 KB부동산 노후준비 골든타임은 '이' 40대 초중 티지 ㄹ 40대 초중반 퇴직 후에 무엇을 해야 할까 부동산클라스
x6ocWH4ckbw,부동산클라스 KB부동산 5000 김경록 미래에셋자산운용 고문 가장 현실적인 노후생활비 최소'이 정도'필요합니다
z5kVemDiK2Y,지식업 클라스 김정호 교수 서강대학교 경제대학원 진짜 위기 오 한국이 큰일난 이유 KB부동산
2tWfkHw0PRQ,"יוד 중국, 대만 침공 위기?! KB부동산 그러나 미국 입장은.... ""대만신뢰할수없다"" 거기에 미국이 국민당을 지식클라스"
l88G8HEwxzo,지식클라스 KB부동산 김정호 교수 서강대학교 경제대학원 거짓말 아니고 진짜 망했다 중국 경제가 붕괴된 이유
tx3YJiC1hl8,운이 좋은 케이스였죠. 주변에서 위로의 말로 돈 주고도 못배울 귀한 경험했다고는 하지만 '정말 나한테 왜? 내가 뭘 잘못했다고'라는 생각으로 힘들었던 한때를 보냈어요 좋은 경험이다 젊으니 Aut 0 M
LEKWRNJd12Y,이벤트 절찬 진행 중 끝까지 안보면 후회함 구독 BI 구독자10만 달성 BIG EVENT 달성 IT
vp5oUHIHNxk,wwwwww 임창가자 GTX-B호재 지역! 바이오단지 직주근접 KB부동산 역세권학세권공세권 다갖췄다! NE뷰 파크뷰오션뷰 송도 대장은 어디?!
4kg_oRkYsWA,KB부동산 두개의 전쟁 끝?! 대변수는 '이것' 또 폴란드가 우크라이나를 지식클라스 12
ki2C8yudduc,[지식업 클라스 KB부동산 김정호 교수 서강대학교 경제대학원 세계는 이미 준비되어 있다. 한국만 모르는역대급 기회
NJQCVp7Uen8,"지식의 클라스 ""오늘부터 결심하세요"" 이것만 잘해도 KB부동산 유영만교수 한양대학교 인생이 확 달라집니다"
Yvq-roKqpvk,AITH L KB부동산 행복한노후를 원한다면 늙기전에 제발끊으세요 이런 사람들은 가급적 만나지 말고 지식클라스
nkP87loRYPs,"지식클라스 ""제발 후회하지 마세요"" KB부동산 유영만교수 한양대학교 '끔찍한노후' 피하려면 이것부터 바꾸세요"
eUWN_VkjCZc,계약금을 주고받는 것으로
uBvcaSdA8Ak,KB부동산 북·중·러 위기에 놓인 한국이 반드시 해야할한가지 HOS 평양을 타격할 수 있는 권한을 지식 클라스 하으
oOghugI8r8Y,이지 KB부동산 북한이 핵을만드는 결정적 이유 (김정은의 권력을 넘기는 게 지식클라스
7W5U7MJYUwg,지식 클라스 김정호 교수 서강대학교 경제대학원 KB부동산 결코 남의 일이 아닌 북한군사력 충격적 실체
cOoYBLbsJlQ,KB부동산 지금 바로 '이것'에 투자하세요 마음대로 바꿀 수 있는 게 지식클라스
-PpQJnf3IOo,"지식클라스 ""뇌가 미친듯이 작동합니다"" 귀찮고 힘들어도 KB부동산 유영만교수 한양대학교 부자들이 매일하는 '이것'"
_WI_pNnEqlk,KBWSJ ‘진짜 위기 오나.... 한국이 큰일난이유 전부쪼그라들게되고 지식클라스
nyijzwf58vo,임창가자 '집값이 2배 뛰었어요! b KB부동산 3000 NE뷰셀프인테리어
C_Mq2bAown4,ודו בר 트럼프 재집권시 KB부동산 전세계가 위험하다! 그러니까 이건 중국의 문제가 아니고 지식 클라스
oeWFnMEt_gg,지식클라스 김정호 교수 서강대학교 경제대학원 KB부동산 트럼프가 당선되면 전세계에 닥칠 끔찍한 일
0RqlHfcZkT4,"부동산클라스 ""저도 다 팔았습니다"" 김기원 리치고 대표 KB부동산 지금 절대 집 사지 마세요 이때 싸게 살 기회 옵니다."
kuTWChh5Plk,성공한사람들의 KB부동산 공통언어사용원칙 감동받는 거잖아요 지식클라스
zfVweWYI8iQ,"지식업 클라스 KB부동산 ""당장 손절하세요"" 나이들수록 유영만교수 한양대학교 인생 꼬이는 사람의 특징"
uxHe7H-XsdU,세대구성원 중
Y5inVz2yp3E,대리기행 빈부격차의 상징 겉만 보고 판단ㄴ나 충격의 용산 아파트 현재 상황은?! KB부동산
6TSk8lIW_Vs,지금 절대! KB부동산 집사면 안 되는 이유 저는 조금 기지개를 켜고 안정화되지 않을까 부동산클라스 ITI of STL
UfEKe-b4S2g,"부동산클라스 KB부동산 김기원 리치고 대표 ""조급하면 지는 겁니다” 집값 바닥 알아채는 신호"
Pzi-3ur0ZtY,"KB부동산 한국부동산 ""최대 40% 하락할 겁니다"" 작게는 10~20% 떨어져야 하고요 부동산클라스"
_65mu_vNKlw,"부동산클라스 KB부동산 ""한국 지방소멸 심각합니다"" 죽은 도시 살리려면 김시덕 도시문헌학자 '이것' 무조건 필요합니다"
Ks88AmPQ5Gw,KB부동산 2024년 집값 전망은? 총선 이후가 진짜입니다 그리고 여기에는 또 부동산 PF 문제나 부동산클라스
6CEkXotSIRU,"부동산클라스 ""데이터가 말하고있어요"" KB부동산 김기원 리치고 대표 집값 앞으로 2년이 고비 '여기'까지 떨어집니다."
SC72jG5pAvM,하지 KB부동산 제발 환상을 버리세요 GTX는 철도입니다 하지만 예를 들어서 삼성역 부동산클라스 서여
IXh_nXFgp_U,"클라스 고양일산 고양 창룡 KB부동산 남양주왕숙 '청량리 서울역 하남교 부천대장 삼성 정부과천청사 -GTX노선 신설?! 안양평촌 ""GTX 환상 버리세요"" 김시덕 도시문헌학자 진짜 핵심은 '이 노선' 입니다"
iupKaDlCLQI,"지식클라스 KB부동산 ""외로움은 무서운 거예요"" 인간관계가 어렵다면 김경일교수 아주대 심리학과 이 영상을 꼭 보세요"
AQnYC1UB0E4,OR Si 우리동네 커뮤니티에서 글 쓰고 응원하면 별 포인트가 쌓인다!
VFYRf7gsDUc,집 주소와 보증금만 입력 임대차 계약의 안전성을 무료로 진단해 주는 전체안전진단 서비스!
CKYRlWpEly8,KB부동산 서울의 미래를 결정할 마지막핵심은 '이곳' 연담화되지 않을거고 부동산클라스
BrSrBgsOdU0,"부동산클라스 장담하건대, ""강남보다 살기 좋습니다 KB부동산 김시덕 도시문헌학자 제2의 강남, 한국의 미래는 '이곳'에서 결정됩니다"
XDPYJCcjFvU,PHIL PHIC 결국 20년씩 납입한 사람이
_FqIou6_t14,대리기행 HYUNDAI ettaCICOLT EFCCE KB부동산 현백도 들어온다고? 대박인데...? '강북'에서 급부상할 곳 제2의 강남되나...?
kBJXiaaiuAY,02 '외로움'이 무서운 이유 KB부동산 물론 평균적으로 내 주위에는 지식클라스
UNjuFu1a1Cs,"지식클라스 ""인생만 꼬입니다"" KB부동산 김경일교수 아주대 심리학과 지금 당장끊어내야하는 최악의 인간유형"
PoUBf-2nT7g,그러 안타깝지만 앞으로 KB부동산 이런곳만 살아남습니다 그렇게 국가나 지방단체들이 부동산클라스 IFOL
AjfLCfylFV0,부동산클라스 10 KB부동산 김시덕 도시문헌학자 집값 무섭게 폭락해도 '이런 곳은 무조건 오릅니다
hBtrJmSLcmg,KB부동산 임창가자 신혼부부에게 인기지역! 트리플역세권에 GTX 호재까지?! '이곳'을 주목해야하는 이유 광운대역 신혼부부가 좋아하는 GTX 호재 지역은? wangwoon Une Station
sKyOdXpOnn8,TTJI 노후 파산하는 사람들의 특징 KB부동산 페이스가 망가진 분들이 지식클라스 BOU
saqyF9fT1RI,"지식클라스 KB부동산 ""모르고 나이들면 후회합니다"" 나이들수록 ""김경일교수 아주대 심리학과 더 잘사는 사람 특징"
a2wM0RE2R5I,KB부동산 트럼프가 또 당선되면 한반도에 벌어질 일? 바이든 테마주가 있잖아요 부동산클라스
aHu5yn5M56E,부동산클라스 305171 623 Ras 168.293 248 445 KB부동산 꾸준히 모아둔 현금 김광석 한양대 교수 드디어 쓸 때가 왔습니다
FNO32KUu_EQ,"KB부동산 ""고금리 시대의 종말"" 이번 금리인하는 다르다! 경제위기 제로금리를 향한 대대적 금리 인하 경제위기 제로 금ㄹ 부동산클라스 리 이하"
v5QHl7IyTgU,부동산클라스 87 KB부동산 MONEY 김광석 한양대 교수 IMF보다 훨씬 심각합니다 제발 '이렇게' 준비하세요
sHbFEj8slqA,"추점제 반면 추첨제는 무작위 추첨,"
Ti6lH5KAd7Y,임장가자 KB부동산 50층 재건축 추진 vs 낙찰률 최저 서서히 가격에 스며든다...?! 사람들이 가장 많이 몰린 곳은?! 노원구에도 50층 초고층 아파트 가능?!
wGtXPyff1IE,"붕괴직전 중국?! KB부동산 ""중국 기업마저 떠난다"" 중국이 -0.5%를 기록하는 것은 부동산클라스"
T4I3hp_SJpg,"부동산클라스 KB부동산 붕괴 직전의 중국 김광석 한양대 교수 ""중국 기업마저 떠난다"""
Ed1Sc1NcBgQ,KB부동산 한국의 장기침체 현상 중국에서 해답을 찾아라! 중국 경제가 이렇게 기우는 만큼 부동산클라스
zeGQJ7T0njA,부동산클라스 KB부동산 사상 초유의 사태 김광석 한양대 교수 '이것'정말 위험합니다
L_0gQEjwvHo,부동산클라스 KB부동산 김영익 교수 서강대학교 경제대학원 작년에도 정확히 맞췄습니다 지금은 '이것' 사모으세요
WlnpxvwAoP0,임창가자 KB부동산 1.10 대책 빗장풀린재건축·재개발 정비사업빨라진다?! 정밀안전진단 E등급 통과 가성비 학군지 '이곳'의 현황은?! 아파트 재건축 확정을 축하드립니다. 1.10대책 수혜지리갔네?
oz0b0s1YTh4,KB부동산 한국 역사상 최악의 위기 '집값'이렇게 됩니다 집값 하락 요인 C 부동산클라스 un
Ro_8bQ6BN-M,부동산클라스 김영익 KB부동산 서강대 교수 한국 역사상 최악의 위기 집값 '이렇게' 됩니다
4USvjWXi-_M,"KB부동산 지구에서 제일 빨리 사라질 나라, 한국?! C 아 심각한 상황이군요 부동산클라스"
l9A6C7UKFn4,부동산클라스 KB부동산 김영익 교수 서강대학교 경제대학원 2024년 최악의 경기 침체 생존전략'이렇게' 짜세요
gSdhPxw4sc0,무순위청약'을 실시합니다
oYWoPL1BGyM,입장가자 재건축 · 1기 신도시 특별법 호재에 노원구만웃었다' 첫수혜 기대감 솔솔 KB부동산 신도시특별법풍불까?!
YwNahEunRZo,그러 KB부동산 자산을 늘리고 싶다면 2024년 '이때가 기회 그런 충격이 있을 것 같고요 부동산클라스
pga2twk4F-0,부동산클라스 레 2266.320 225 515 256.350 95 김영익 교수 서강대학교 경제대학원 KB부동산 10000 ... 2024년 현금이 있다면 반드시 '이것'부터 사세요
ZxVc75coaxE,부동산클라스 KB부동산 빚더미에 눌린 한국 부동산 공포의 2024년 전망은?!
Z92WYhaBNz0,KB 부동산 우리단지 실거래가 이번주는 및 등일까? 부산
XfW6o9eozes,어떻게 알아보는데? 우리단지 실거래가 부산 이번주는 몇등일까?
AHl4FqLQZoM,"""집은 이때 사세요!"" KB부동산 집값 바닥확인하는 방법 즉, 공 AQL 즉, 공급도 많고 수요도 많아지는 상황 부동산클라스 사화"
o98bER3f3GA,"부동산클라스 KB부동산 ""제발 준비하세요"""" 역사상 최악의 거품 '이렇게' 대비하세요"
0PC27LS1E1A,지금은 눈에 보이지 않지만
8DSsKxUv3OE,부동산PF 문제 KB부동산 집값상승요인?! PF부실 문제를 부동산클라스
4ZjqwbuQOSg,"부동산클라스 KB부동산 수술 필요!"" ""시간 벌어야!"" 부동산발 경제 핵폭탄 PF 위기 ""내년이 가장 위험합니다"""
Ch_bfxlZoaY,KB부동산 2024년에 집값이 하락하는 이유 살 수 있는 사람이 없다! 살수: 부동산클라스 ㅣ 없다!
Wi7SXbbmE3M,부동산클라스 '불꽃튀는 '집값논쟁 2차전 본격 하락은 하락온다. 끝났다 KB부동산
GmD-VBljZPM,즉 인기 많은 동·호수는
z1wH61pVTTs,지원 자격요?
TPBXtvmz_Xk,민간기업이 분양하는
ZQiVAFAT-DA,대리행 KB부동산 재개발 사업만 20곳 추진 중 이제 역사 속으로 사라질 영등포의 현재
yI0mkq0OrlE,2 현재 부동산시장은 KB부동산 '진짜' 하락한게 아닙니다 이렇게 시장을 보는 게 부동산클라스
qUe9hTwJf7M,"부동산클라스 최근 하락은 YS ""하락이 아닙니다!"" KB부동산 ""그럼 상승인가요?"" 2024년 집값 대전망 치열한 끝장토론!!"
701HOntAJIo,KB부동산 00008 3005 이영민 SH 서울주택도시공사 기술연구부 부장 6천만원 10년 동안 무이자로 빌려드립니다
djANDxgUM_I,"부동산클라스 8 8837 317 494 5162 + 504 0839 7743 KB부동산 9434 ""내년은 생각보다 더 힘들겁니다"" 김경필 머니트레이너 2024년 경제위기 버티려면 무조건 '이것'부터 하세요"
UqAB91WNzn4,대리행 미래 강남을 위협할 천지개벽 부촌은? KB부동산
jGzs2xkkVFs,2030의 KB부동산 가장 확실한 노후준비 딱 다섯가지만 따라하세요 자세한 내용은 본편에서 확인하세요 성장 과정 첫 번째 이직 마인드 성 부동산클라스 TH
kU2wVQLafhQ,부동산클라스 KB부동산 김경필 머니트레이너 비참한 노후피하려면 당장 '이것'부터 시작하세요
cY2iH9bqkqs,THIA KB부동산 제네시스 GV70'이 교통수단입니까? 자기 소득 6개월분의 차를 타면 부동산클라스
9eFtrxk9hcQ,부동산클라스 00 KB부동산 김경필 머니트레이너 가장빨리 1억모으는 방법 “제가 시작한 적금 공개합니다”
RkvcsKVlxss,이ㄹㅇ KB부동산 지금부터 정신차리고 돈모아야하는 이유 임금 인상이 제한될 가능성있고 부동산클라스
Vwnc3CgIi_E,50만 KB부동산 조승우 한약사 노화 늦추는 초간단 식단 공복에 꼭 '이것'을 드세요
Vt1xxm6KJTQ,임창가자 KB부동산 트리플역세권된다?! 서울지하철 5호선 연장 기대감 GTX-D 용역 결과발표 임박...! 과연 트리플역세권이 될상인가
F40TUk982oA,부동산클라스 AM 2024 ★2024년 최신판 KB부동산 김경필 •머니트레이너 생활비에서 지금 당장 없애야 할 항목 10가지
LwUe-3BHxJY,KB부동산 암 발생 확률 증가?! 유제품의 불편한 진실 그라 그래서 모든 화학첨가가 들어가고 변성이 일어나면 부동산클라스 FN 가
KfYZe2Ec1nw,"부동산클라스 KB부동산 ""세계가 인정한 발암물질"" 매일 마시는 커피 조승우 한약사 '이렇게' 먹으면 암걸립니다"
qiB_rLSi-SE,임장가자 잇단호재에 분양물량 완판 '분상제의 힘'추가분양도완판될까? KB부동산 청약완판도시!그이유는?
s7DoKyrmqno,KB부동산 간헐적 단식 시작 전 놓치면 안되는 3가지 채소·과일식 시작할 때 너무 단 과일 채소 부동산클라스 DIAV
6w1wYpo9aQ4,"부동산클라스 KB부동산 ""싹 잡아줍니다"" 조승우 한약사 암세포 때려잡는 최고의 음식 '이렇게'만챙겨드세요"
v-eL5DNSNSc,그래서 다시 KB부동산 아침굶으세요 그래야 건강해집니다 그래서 모든 종교 수행 단체에 단식 기간이 있는 이유는 부동산클라스 단체에
tWJyeqMEJds,"부동산클라스 KB부동산 ""이런 기적은 처음 봅니다"" 사과 당근 양배추 조승우 한약사 일주일만 '이렇게' 먹어보세요"
NI18UXLQKZg,부동산클라스 KB부동산 박은정 감정평가사 이영상하나로 한국집값 확실하게 정리해드립니다
ENyIrpf73T0,대리행 KB부동산 서부권 대장 넘어설까? 신흥 부촌으로 떠오르는 '이곳'
Jt2qEVxobe8,KB부동산 제로칼로리 음료가 오히려 비만을 유발한다?! 뇌에 치매가 오는 건 부동산클라스
MWQA4OFPgHU,"부동산클라스 KB부동산 ""의사들도 깜짝 놀랍니다"" 조승우 한약사 비싼약대신 '이것' 꼭 드세요 치매 예방 초간단 아침식단"
DCQDpJuB6ts,"KB부동산 재건축에 대한 환상 ""제발 멈춰주세요"" 개념이 다르거든요 부동산클라스"
aLuGwRDEXsU,"부동산클라스 급매매 급전세 0008 박은정 감정평가사 KB부동산 부동산 불패 법칙 깨졌다 ""집값에 대한 환상 버리세요"""
CU42-0RIwTQ,대리행 KB부동산 리모델링사업 성공을 삼성물산이 함께하겠습니다 직주근접 끝판왕! 우리 아파트는 왜 재건축 불가능 한가요? 16년 후 더 좋아진다?!
oEMwjsULV5I,"한국부동산시장 KB부동산 ""수술시기 놓쳤다"" 더 큰 피해 금액을 부동산클라스"
uOqZkGVtPR8,"부동산클라스 KB부동산 박은정 감정평가사 집값 조정불가피한 이유 ""비싸게 사줄 사람이 없어요"""
ApIWs08jfHk,이런분들은 KB부동산 제발집 좀 파세요 생각합니다. 부동산클라스
YdLRePRCqwI,"부동산클라스 KB부동산 박은정 감정평가사 감당못할부채의 끝 ""아파트가 줄줄이 무너진다"""
OXox-myKpj8,"부동산클라스 KB부동산 박원갑 KB국민은행 부동산수석전문위원 부동상 상승장 다시 온다?! ""저는 아니라고 봅니다"""
xvq3h6ZSgVU,임장가자 와..너도...?! KB부동산 남동탄도20억 찍었다?!
Q09WVujDwX0,OUL KB부동산 부동산시장 움직이는 큰 손의 정체?! 왜냐면 MZ세대들은 부동산클라스
BoFzEa20Koc,"부동산클라스 KB부동산 박원갑 KB국민은행 부동산수석전문위원 부동산법칙이 뒤집혔다 ""집값, 싹다 물갈이 됩니다"""
n6wN-c7eUhg,KB부동산 내년 집값 '이것'이 결정합니다 특히 무주택자들이 불안심리를 느끼게 되면 부동산클라스 트 브이
jHcidHS2DBk,"부동산클라스 KB부동산 50000 박원갑 KB국민은행 부동산수석전문위원 빚으로 쌓아올린 한국부동산 ""불안과 공포에 떨고 있다"""
uywGlXcIT1E,"부동산클라스 김경민 교수 서울대 환경대학원 KB부동산 부동산 이대로 가다가는 ""터질 건 터져야 돼요"""
LmKSO_wgkKc,서울도 아닌데 20억 찍은 이유 동탄 거주자들은
cmXeKASJ_vo,입장가자 Donglen Stewa KB부동산 매월 1억씩 오르는 아파트
tamiAFRTvvk,KB부동산 이지선 성우 정재훈 박사 이번 주가 고비입니다 이 '흐름'을 주목하세요
Ty0DToksq4o,KB부동산 앞으로 아파트가격은 '이것'이 결정합니다 서울에 있는 업무지구라는 게 부동산클라스
aNlfRH5ljms,C 심각한 공급 부족 KB부동산 위기의 한국부동산 올라갔기 때문에 부동산클라스
p63yNzp0pfA,TI- 현재 부동산시장 KB부동산 사태가 심각합니다 지금 PF대출 연장으로 부동산클라스
ltTUjdNrnV4,"부동산클라스 김경민 교수 서울대 환경대학원 KB부동산 집값 대폭락 적중한 '전문가' 빚으로 연명하는부동산 시장 ""시한폭탄급악재 남았다"""
CSThFFyylhs,주담대 금리 상승 KB부동산 시장분위기 바뀔 것 시장금리를 국고채 10년물로 부동산클라스 27
2ub42ffOqAc,"부동산클라스 KB부동산 김경민 교수 서울대 환경대학원 2년 연속 '완벽 적중 부동산 예언가 예견된 도미노 악재 “내년 집값 장담못합니다"""
_dS5Qf21-II,부동산클라스 5000 KB부동산 김사부 (김원철) 답답해서 말씀드립니다 제발 이런 아파트를 사세요
2VCn9IZMkwE,현재 부동산은 KB부동산 단기 조정 시점?! 그런데 딱 반대로 행동해야 하기 때문에 부동산클라스
2-QzIxdM-7g,대리기행 학군 받고 자연 환경까지! KB부동산 목동 따라갈까? 속도내는 신정뉴타운
4eO6tPMHDMA,"KB부동산 절대 실패하지 않는 부동산선택 법 1 서울 서울 수도권 신축 1. 2. 서울, 3. 강남 ㄹ 4. 지방 2. 서울, 수도권 준신축 3. 강남 라인 구축 4. 지방 핵심지역의 신축 부동산클라스"
1qJRg0oXogk,부동산클라스 20년차 실전 투자찬 KB부동산 김사부 (김원철) 지금 3천만원 있다면 저는 '이렇게'합니다
uAQvnm3c0r4,KB부동산 로또청약 당첨된 썰 줍니다 복이 날아갈까타!!! 부동산클라스
ygwtBt4RV4s,부동산클라스 KB부동산 ?!!! 정영진 방송인 이지선 성우 시세차익만 무려 10억?!! 로또청약 당첨된 썰
pMriH9Ok-LY,대리기행 3. 목동 왜자꾸 좋아져요! 재건축 훈풍이 분다~ 서부 중심축 목동 KB부동산
qdsBweYnN48,도 KB부동산 회사사정 나빠졌다던 남편의 비밀 도리어 !!! 부동산클라스
sVDWxOeg80c,"부동산클라스 KB부동산 저 몰래 "" '어떡해... 이지선 성우 정영진 방송인 주식으로 6억 날린 남편 결혼이 후회됩니다"
q-eveMducy8,KB부동산 만약 남편의 숨겨둔 비상금을 발견했다면?! 서로 용돈제 + 공동 적금 부동산클라스 서로!
TktKyIo-wZc,부동산클라스 각자 vs 합쳐 ?!! KB부동산 이지선 성우 이혼걱정 없는 돈관리 노하우 정영진 방송인
qJ-87A11k-s,KB부동산 아파트를 매수할 마음이 생긴 이유 KB부동산을 만났기 때문이죠 KB부동 부동산클라스 대문이죠
YtTLs9g685o,부동산클라스 KB부동산 파이너스는 웁니다 정영진 방송인 수익률 플러스 이지선 성우 주식몰빵 VS 저숙 돈불리려면 이렇게?!
KBEMQ04WkQQ,KB부동산 이지선 성우 상 정재훈 박사 거짓 이슈에 속지 마세요 '이런' 지역을 골라야 합니다
c_H8d75OocE,"KB부동산 이지선 성우 au 어떻게 하는가!!! 정재훈 박사 ""무서워서 못들어가요"" 역전된 전세시장실상은...?"
dZEL_6UcCKQ,"상품성이 MOLT KB부동산 분양가격 더 오른다! 청약, 지금이 기회?! 상품성이 좋은 지역들에서 그렇게 쏟아져 나오는 상황은 아니고 부동산클라스 서 그렇게"
oM3WWBe-LzI,부동산클라스 KB부동산 김규정 한국투자증권 자산승계연구소장 하락리스크 남아있다?! 앞으로 집값은...
63a6uC8neoY,부동산클라스 KB부동산 김규정 한국투자증권 자산승계연구소장 부동산 상승 모멘텀 전멸?! [지금 집값 분위기는...
Bk3O36X9Bho,부자들이 애정하는 KB부동산 부동산 투자! 하지만... 높은 수익을 경험해 보셨던 것들을 갖고 계시기 때문에 부동산클라스 높은 셨던 거드
RRnyX4UfDg4,"부동산클라스 50000 3000 50000 00009 1000 ""부자의 판도가 바뀌고 있어요"" 500 000 J005 5000 KB부동산 김규정 00 한국투자증권 자산승계연구소장 충격! 대한민국 부자 순자산만 000억?!"
KWR9buhJ9wc,부동산클라스 KB부동산 빚에 허덕이는 기업 박정호 명지대학교 특임교수 무려 1천조원 육박?!
Atk4ZJ6cLsk,t KB부동산 대리기행 석불가마 YA COFFEE '성북구' 고민이라면 이 영상을 꼭 보세요
u5JdH9xamM8,"KB부동산 교수님 꺼..지세요 ""싫어요!"" 목소리 목소리 복제 완료! 복 부동산클라스"
qrBsws6J1VQ,"부동산클라스 KB부동산 ""제가 복제되고 있어요"" 박정호 명지대학교 특임교수 돈 버는 법칙이 바뀐다?! 사라질 직업 충격의 1위"
H9ZdLHMVyFk,"불편한 진실, KB부동산 100조원이 향하는 곳은... ""묻고 더블로 가!"" 부동산클라스 של"
kbe0praDE6k,부동산클라스 KB부동산 박정호 명지대학교 특임교수 반값 아파트가 넘쳐나면 벌어질끔찍한 일?!
JuUjb9k9yzM,105 대리기행 최고가 대비 직접 다녀왔습니다! 서울에서 -27% 아파트는?!
ivNl8Psj0o4,"일본 경 950 앞으로 3년 KB부동산 250만 기업 문 닫는다"" 일본경제 대위기 일본 경제산업성 통계에 따르면 250만개 기업이... 부동산클라스 |따르면 어이"
hgDtqEo08Zg,부동산클라스 기업은 부자 박정호 명지대학교 특임교수 국민은 가난한 나라 KB부동산
32v0UAeNCow,미국 대선 전 KB부동산 무조건 연착륙시키겠다! 이런 상황에서도 마이너스통장 한도 상향 이런 상 부동산클라스
yKYGc6-8OuI,부동산클라스 KB부동산 중국이 미국을 박정호 교수 절대못이기는 이유?!
JBmBCRpajMU,부동산클라스 안유화 총장 미국 어바인대학교 중국경제 거품 시작. KB부동산 40년호황끝난 중국?!
6VJ_iab6JFw,"집 안 곳곳이 힐링 포인트!2 대체 방이 몇 개야?! 멀티룸 골프연습실 ""개인 정원 사우나실 파티룸 4. 마스터룸은...?!"
oeoWFxgir9s,KB부동산 주택 공급 부족! 정재훈 박사 방치하면 폭등후 경착륙?!
aFIUwPVBFlQ,지금 바로 KB부동산 리스크 테이킹하라! 그럼 너는 이 세상에 살았다고 할 수 있을까? 그럼 ㄴ 부동산클라스 삼았ㄷ 에 197?
53HTXhG1zoI,"부동산클라스 KB부동산 안유화 총장 미국 어바인대학교 ""중국 부동산 붕괴"" "" 진짜 무서운게 남았다"
1io16D5by7Y,길 잃을 뻔;; 1층만 170평?! 미로 같은 집의 비밀 검은색 라인이 보이는데
yFvJxZR1g9A,테슬라가 KB부동산 중국으로 간 이유 무봉산 클라스 그러면 한국은 어떻게해야되나 부동산클라스 산클라스
qDG4YEe__OA,170평 넘는 고급주택 내부는?! 밤 찾다가 길 잃을 뻔;;
0BHgkv8W8xE,부동산클라스 KB부동산 중국 경제가 망해야 안유화 총장 미국 어바인대학교 '돈벌' 기회가옵니다
6yzVYx-sjB0,전 美 국무장관 100세 키신저는 KB부동산 왜 중국에 갔을까? 국방 문제 부동산클라스
VwdpDkQj_iU,"부동산클라스 ""당장 '이것' 멈춰야 합니다” 심각한 중국 경제 무슨 일이?! KB부동산 안유화 총장 미국 어바인대학교"
ncyULQKDmcg,강창희 대표 트러스톤자산운용 연금포럼 노후가 비참해지는 가장큰이유 K부동산
099wiwekkPw,KB부동산 부부싸움 했으면 빨리 화해하세요 개호 (=곁에서 돌보아 줌) 부동산클라스 개 부
m3jDSVkJSBE,부크클라스 강창희 대표 트러스톤자산운용 연금포럼 KB부동산 불행하게늙지 않으려면 [꼭보셔야합니다
AH5BS2szL_8,KB부동산 내집내집 등록 이벤트 내집 내집 살고 시즌2 44 집에 관한 모든 것을 All Care Al KB부동산 내집내집 서비스!
GZE0wO3XPXw,자녀 교육하다 다 망칩니다 KB부동산 또 그렇게 써 가지고 부동산클라스
0qsBGYhGr0w,802 강창희 대표 트러스톤자산운용 연금포럼 일본보다 더 비참해질 한국의 미래?! KB부동산
wqtgmFFGdeQ,부동산클라스 김광석 실장 KB부동산 한국경제산업연구원 현금 들고 준비하세요 엄청난 기회 옵니다
fpGtG1B_ppY,대리기행 KB부동산 소액 투자 가능?! 이곳을 주목하세요
ZzTf8uVO2v0,KB부동산 다 오르는데 집값도 안 오를까요? 집값도 오르고 부동산클라스
IlHnWK_ARmo,"부동산클라스 NET WT KB부동산 1533 정확히 김광석 실장 한국경제산업연구원 1년전에도 맞췄습니다 ""현금 대신 현물늘리세요"""""
rCUyswPDrT4,KB부동산 혼돈의 전세시장 역전세대란 온다?! 전세가격 하반기 상승 전환 예상! 전세 ㄱ 부동산클라스
xJX7qd64uWM,KB부동산 상승 vs 하방 하반기 경제 운명은? 강한 상승세가 나올 수 없는 이유 2 경기 불황 강한 성 부동산클라스 이유 2
qd0UqkKAh-k,부동산클라스 KB부동산 하반기 최악의 고비 김광석 실장 한국경제산업연구원 부동산시장 '이렇게' 됩니다.
R4G0u4Iwags,대리기행 고등학교가 없네?! 3 상도 KB부동산 재개발 호재 넘친다?! 직접 가봤더니...
E55jr13UyXk,"KB부동산 퇴직 후엔 '빛'만 남는다?! 자녀들이 우리를 부양 해줄 수 있을까?? 자녀들 부동산클라스 ㅂ야 을까?"""
AXXQNv1uWV4,부동산클라스 KB부동산 퇴직 후엔 강창희 대표 트러스톤자산운용 연금포럼 '빚만 남는다?!
yw0HU2HdlxU,금리 인상 KB부동산 이제는 없다?! 2023년 하반기 고물가 고금리 기조가 2023년 끝나가는 구간 고물기 부동산클라스 시조가
2Uark1aVfbQ,밸런스가 KB부동산 무너진 한국?! 가격이 오르니까 부동산클라스
A7ElSVHkTYE,173 부동산클라스 긴급진단 IMF의 5번째 경고?! 한국 경제성장률 계속 낮추는 이유 KB부동산 .850 김광석 한국경제산업연구원 경제연구실장
Epmz1Te1G_k,한국 부동산 KB부동산 경착륙 위기?! 갭투자 시장 갭투자 물건이 시장에서 해소돼야 하는데 부동산클라스
KRBFrSLNwMM,부동산클라스 이광수 광수네 복덕방 대표 KB부동산 곧 무주택자에게 기회 옵니다 '때'를 노리세요
Pw1om9kEnF8,강남 13분거리 자연 속 고급주택 놀라운 주방 클라스 아 돈도 돈이지만
20MWmda3JgM,집이 60억대?! 천장만 봐도 이게 뭐죠?! 너무 눈부셔요! 이것은...
FMoLWpXcv8A,부동산클라스 KB부동산 시장에 '이것' 쏟아지면 집값 더 떨어집니다 이광수 광수네 복덕방 대표
4zIG7XHkZc0,전세가 무서운 이유 그때가 너무 올랐기 때문에 부동산클라스 KB부동산
ZtFalf7blfw,부동산클라스 KB부동산 하반기 집값 이광수 대표 한번더 하락 불꽃 썰전 * 정재훈 박사 바닥 찍고 반등
WVKflM7Tz6A,"KB부동산 실수요자라면 '이 지역'을 주목하세요 배후 배후수요로 재건축, 뉴타운 효과 친절한 부동산"
sg5_9reO3hk,부동산클라스 30대 30억 자산가 52772 KB부동산 말하는 투자비법 종잣돈 1억 미만이라면 '이곳'을 주목하세요 공윤경 부자되는 세상 CA
uptZlfoID2E,KB부동산 '이런 상황'이 돼야 바닥이 옵니다 그런 시점을 저희가 언제로 보느냐인데 부동산클라스
flB5bgrdUjQ,강남에서 차로 13분!!! 최고급 타운하우스가 40~60억?!
qqw3dM3fDIQ,"부동산클라스 이광수 광수네 복덕방 대표 KB부동산 집값반등힘든 이유 ""하반기에 진짜 큰게 옵니다"""
NXVVYuoR9q0,거ㅅ 직장인 시점 KB부동산 요일별 재테크 방법 건수 자체가 많지 않아서 부동산클라스
jyLp6CSTPn8,"부동산클라스 30억 자산가가 되기까지... ""직장인일 때 다 해봤어요"" 직장인 투자자 돈벌려면 KB부동산 공윤경 부자되는 세상 점심시간에 '이것' 하세요"
Nr5YYOYWN9U,KB부동산 다가구주택 다카쿠ㅣ주 이렇게 해야 1주택 인정?! >>주택으로 사용 3개층 이하일 >> 주택 바닥 면적 660m 이하일 사용하는 응가 38 이하의 외 주택 바닥면적인 관계가 660m 이하일 것(약 200명) 부동산클라스
dn8SxmeHhSU,KB부동산 정재훈 박사 조회수 폭주?! 한진~ 청약 매니저 '01 아파트'에 무슨 일이?
rpcpFPXw1eU,"자본 KB부동산 이런 분들은 지금... ""집을 파셔야 합니다"" 자본잠식 상태가 된 경우도 친절한 부동산 우도"
VYnpU_Ew4Yk,구매 꿀팁 대방출! 인테리어 소품 비용이 겨우 이거라고요?! After
6-3063ZQL0U,"KB부동산 2023년 하반기 경제정책방향 역전세난 2라운드! '이런 분들은 집 파세요"""
zA8Q0-TapKg,부동산클라스 이승현 회계사 진진세무회계 대표 KB부동산 자녀에게 주택 증여 '이것'으로 무조건 절세 가능
XcZUEkXD8JA,KB부동산 30대 30억 자산가의 재테크 방법 청년 창업 세제 혜택도 부동산클라스
tOJCZ0oTABg,"부동산클라스 ""여러분들이 부자가 되었으면 합니다"" KB부동산 송희구 작가 100억대 자산가 100억대 자산가의 Pick 곧 '이곳'에 기회가옵니다."
Fwz5r9g-rgM,최악의 구조 거실 동식물과 함께하는 코지홈으로 바꾸기 Before
os5PChNxxjE,KB부동산 부관클라스 송화구 작가 2부 부자될 기회 '이곳'을 주목하세요 주수 있나요? 부동산클라스 KB부동산
0_4Qy4eHL9A,"부동산클라스 ""종잣돈 2천만 원으로 시작했어요"" 공윤경 부자되는 세상 KB부동산 ACS 236 서른 살에 30억 자산가 된 비결 ""이거 하나만 잘했습니다"""
d8_8b2E2F4M,연희동 테라스 품은 고급주택 마스터룸은 2개?! 테라스로 바로 오갈 수 있는
G-VULfkJd4E,"부동산클라스 +77.1~30살에 +94.71 부동산 투자 시작했어요"" KB부동산 2-3724 송희구 작가 100억대 자산가 저는 이렇게 돈 벌었습니다 딱 2가지만 기억하세요"
Pd-3KB7o2G0,조선왕조가 택한 최적의 입지 강북 최초 하이엔드 주택 탄생
LMrEg1iN7I4,취득세 중과세 KB부동산 바뀐 세법 적용해서 세금 꼭 돌려받으세요 취득세 중과세 (2023년 1월 12일 남을 수 있었다 과거 세법 기준으로 취득. 주택을 보유 기간 3년이 부동산클라스
fexA1CakkUM,"부동산클라스 ""집을 부수고 팔아 달래요... 어떻게 하죠?"" 이승현 회계사 진진세무회계 대표 KB부동산 바뀐 세법 정리해 드립니다 세금 돌려받으세요"
dzeYPpDLQ8Y,"KB부동산 100억대 자산가 ""점심 식대로 3천원만 씁니다"" 부동산클라스"
WjIBExw3vtA,"부동산클라스 +77912년 차 직장인이자 +94.71 1100억대 자산가 입니다"" 100억대 자산가의 조언 KB부동산 송희구 작가 전세 대신 월세사는 이유"
X0gXqdWhrUQ,부동산클라스 김인만 소장 부동산경제연구소 KB부동산 부동산시장 '2차 하락' [올수밖에 없는 이유는요...
M1CmqW91k-c,서울 연희동 고급주택 내부는? 굉장히 시원하네요 KBB
kaGfckJZh40,"BECK ▶2020년 ▶2020년 8 KB부동산 분양권, 오피스텔 주택 수 포함?! ▶2020년 7-10 부동산 대책' 발표 ▶2020년 8월 12일 취득세율 개정안 시행 안 시행 부동산클라스"
As7qh-7KRYo,KB부동산 아파트 매수 타이밍! '이곳'을 주목하세요 이런거주자는 지금은 부동산클라스
1vLJDka_jdw,입지 대박! 연희동 고급주택 세대당주차 3대 + 개인 테라스
RG3L7uwqipU,부동산클라스 TAX 이승현 회계사 진진세무회계 대표 모르면 세금 폭탄! KB부동산 1주택 비과세의 함정?!
iqgnGlBkcTU,"부동산클라스 김인만 소장 부동산경제연구소 KB부동산 ""소장님, 집사도 될까요?"" 이 '전략'으로 접근하세요"
yfzC5wiuXSk,"부동산클라스 10243 최용식 소장 21세기 경제학연구소, ""저는 중국통계 안 믿어요"" KB부동산 중국의 역대급 금융위기?! 제발 '이렇게' 해야합니다"
aXrUrMSypss,sales Wohne 150만원으로 꾸민 홈오피스
1L4AYojcqiw,집값 바닥? 아직 아닙니다 우리는 표면적인 현상만 보는데 부동산클라스 우리는 보는데
ORQeWstawkU,"정재훈 박사"" 한진 청약 매니저 KB부동산 급매물 잡을 마지막 기회?! '집값' 솔직히 말씀드리면..."
kMuAuLu2gb0,"부동산클라스 김인만 소장 부동산경제연구소 집값, 3년이 고비. KB부동산 2차하락'이때 옵니다"
I-5nWEM617U,집보다 인테리어 KB부동산 휘어진 옷장 단돈 50만원으로 원룸을 홈오피스 처럼?!
wQY8Yw4fCJk,"부동산클라스 한국 주식시장, 과소평가돼 있다 1989E CHUI 미국은 10배 상승"
sADHjPn38w0,"부동산클라스 360504 KB부동산 57.0154 최용식 소장 21세기 경제학연구소 46 8452, 미국발 경제위기 한국 덮친다?! 제발 ‘이 현실을 직시하세요"
VvxmP1OZk6w,부크클라스 $ 정선용 작가 50억대 부동산 자산가 KB부동산 워런 버핏이 자녀에게 무조건 시킨다는 '이것' %
jgyyoG8CAZQ,히노끼탕이 집 안에?! 3층 대저택 클라스 드디어 대망의 공간 풀버전 영상은 고정댓글참고
4zGgxHlHbJQ,부동산클라스 저도 흙수저였습니다 풀버전 0000 50 000 6050 김경필 머니트레이너 5년만 따라하세요 KB부동산 역대급 부자될 기회옵니다
kL7kRYGOm_w,강남에서 45분 거리에 궁전 같은 주택?! 넓은 공 넓은 공간에 고급스러운 대리석 타일 풀버전 영상은 고정댓글 참고
VZa5O44DPFA,30억 대저택 욕실클라스 집 안에 히노끼탕이?!
__ADw5B4D0o,부동산클라스 미국 경제가 너무 걱정됩니다 경제에도 '순환'이 있다
n2FOHpw2U48,8593 KB부동산 부동산클라스 최용식 소장 4135 21세기 경제학연구소 IMF 예측한 경제학자 제발 이렇게 대비하세요 세계 경제가 위험합니다
K9henw60kgI,부동산클라스 정선용 작가 50억대 부동산 자산가 KB부동산 돈을 부르는 부자들의 습관 '이것'부터 하세요
pybZBaojB-Y,부동산클라스 풀버전 김영익 교수 서강대학교 경제대학원 KB부동산 '이 영상'만 따라오면 (거시경제를 보는 눈이 생깁니다
_eHzIMlwjfM,부동산클라스 이것 모르면 과태료 3천만원 큰일 납니다!
tv9L3bs8FEk,BENETRIA 강남에서 45분! 귀족이 사는 집...?? 궁전같은 대저택이?!
8LnEbP9WPGE,부동산클라스 TAK %E '이것' 모르면 KB부동산 이승현 회계사 과태료 3천만원 진진세무회계 대표
5ruPh-ur-T0,부동산클라스 부자들이 가장 경계하는 한 가지! 시대에 당하면 모든 자산 잃을 수 있어
mKCGcEZ8Clg,부동산클라스 1570 김영익 교수 서강대학교 경제대학원 KB부동산 부자 될 수 있는 기회 '이것'의 비중을 늘려야합니다
WgEpuWPLv1Q,재테크의 시작 1억 모으는 방법 KB부동산 진정한 진정한 목돈은... 월 소득의 3배 이상
FUQwsOcq_MY,부동산클라스 50000 512102 김경필 머니트레이너 KB부동산 2023 현실주의 '국민 적금'을 아시나요? 가장 빨리 1억모으는법
qHXxlf5exW8,"노후생활비는 얼마나 필요할까? 가구 생활 비 어, 조금 있죠... 부동산클라스"
G5WXPZ9AFSI,공 구역 재개발부지 2. CH 2. 대형 시공사 컨소시엄 주시엄 GS건설과 현대건설이 시공사로 들어와서
Nxdan_E_TS8,KB부동산 김경필 부동산클라스 머니트레이너 당장 이것부터 끊으세요 노후가 비참해집니다
GAxi2S7XQak,"KB부동산 약 1,100세대 입주 예정 대리기행!! 이 땅의 비밀 가보자고!! Ep.4 마포에 큰거 온다"
0IOj7QMicBs,부동산클라스 KB부동산 우리도 그동안 중국에서
F8v82QOGzXE,프라이빗 끝판왕 하우스 사우나까지 집 안에?! 어머 여긴 뭐야뭐야 풀버전 영상은 고정댓글 참고
XMkT4ugsmTw,"""집·보다 CH BUD 야외 테라스 KB부동산 숨겨진 사우나실 &바베큐장 개인 정원 ROOM TOUR 로또 1등 당첨되면 살 수 있는 집"
x2is2ITEhL8,KB부동산 김영익 교수 서강대학교 경제대학원 부동산클라스 아무 종목이나 사면 안됩니다 많은 기업들이 사라질 수 있습니다.
GOa3Lh2JrgE,"부동산클라스 KB부동산 DE 달러 지수 하락은 이머징 마켓, 한국 주가가 호황"
PDzn1HCEEeU,DE 부동산클라스 KB부동산 DE 금리가 높은 것을 꺼야 하는 게
7OnkD_Ti-T8,"부동산클라스 ""관상용 BMW"" KB부동산 DE 김경필 머니트레이너 30억대 월급쟁이 자산가가 절대 하지 않는 '4가지'"
Me-HJEaUpjk,지금 단독 테라스 있는 집 강남 상위 1%의 힐링법 지금도서관을 짓고 있는데 는데
sowuBNF21Ps,"""집·보다 KB부동산 공원같은 단독 테라스?! 강남 상위 1%의 힐링법"
3w02vPVKhEI,부동산클라스 김영익 교수 서강대학교 경제대학원 KB부동산 전 세계 경기 침체가 옵니다 '이렇게' 대비하세요
LyjK0rGKeCg,삼프로TV에서 맹활약 중인 세미정 전격MC 데뷔!
6C_y6p9awZg,휴향지 리조트 같은 강남 고급 아파트 그러고 나니까.....
cds28V4lPEU,집·보다 강남 한복판 KB부동산TV 브라이튼 N40 루브르 박물관 건축가가 설계한 초럭셔리 하우스
c_IGIHvPowk,부동산 빅데이터 홍춘욱 박사 프리즘 투자자문 대표 KB부동산TV 노후대책 없는 4050 이런 투자해야 합니다
LsOXmntQFR4,다동이 건너편에 따로 있고 원효로4가 전아파트
ZsXSvsqvFoQ,원효로4가 현대자동차 UAM부지 도심 항공을 이용한 교통수단입니다
FDUYW1LDLzE,"KB부동산 이곳이 바로 여기에 ""대단지가?! 대리기행!! 가보자고!! Ep.3 용산 황금입지?!!"
QmPT13VrG4I,경험으로 터득한 손실 줄이는 세대별 투자전략 파이 파이어족이 되겠어!!! o-m
HXlAFMmRfwE,부동산 빅데이터 홍춘욱 박사 프리즘 투자자문 대표 이런 투자는 절대 하면 안 됩니다 KB부동산TV
c7h65MP3qwE,부동산 빅데이터 이광수 위원 미래에셋증권 KB부동산TV 풀버전 한국 부동산 불패?! 저는 이렇게 생각합니다
iEbkDlEApf4,KB부동짤.ZIP 내가 최악의 경우 야... 내가 왜 불법점유자야... 000 CCC 피해를 보게 됩니다.
BLZpQu4up5Q,KB부동산 (걸음 빠르면 대리기행! 가보자고!! Ep.2 한강 7분 컷 역세권 트리플세 학세권 초세권
aGi8nS46Bj0,C KBEATV 상반기 보다 하반기가 성장률이 더 낮을 수도
NFsNxsa-CAc,부동산 빅데이터 홍춘욱 박사 프리즘 투자자문 대표 KB부동산TV 한국 경제... 과거 악몽 재현할까?
sVCrGCTqTHE,Before 나도 곤.... After(예정) 용산구의 대리기행! 가보자고!! Ep.1 환골탈태 KB부동산
CZxsO866TVM,부동산 빅데이터 KB부동산TV 공 공급이 줄어서 가격 가격이 오르는 건 서 는건
9FrOkmipfTE,부동산 빅데이터 이광수 위원 미래에셋증권 KB부동산TV 가격의 불안한 상승 그건 이미 거품입니다
a92sHm6kZbc,대리기! 뽑을 수 있게 해주고
cYqsEFf-E4E,사용 부동산 KB부동산TV 빅데이터 부동산은 사용가치가 있다 있다
PwE3D8E0c0U,부동산 빅데이터 이광수 위원 미래에셋증권 KB부동산TV 전세 제도가 사라진다면 우리나라 집값은...
w0dWG72k4Co,부동산 빅데이터 KB부동산TV
6oedJ3WCM4w,부동산 빅데이터 이광수 위원 미래에셋증권 KB부동산TV 부동산의 진정한 반등은 '이 신호'가 포착될 때
IEkeApHNipw,전일본 KB부동짤.ZIP 전입지 1. 전입신고 절차 개선 신고 불가 • 전임 당사자 서명 필수 전입자 확인 없이는 전입신고 불가 받도록 해 전입자의 확인 없이는
XRmhfy_yVNA,부동산 KB부동산TV 빅데이터 그 이유는...
iIEXntlJm4Q,부동산 빅데이터 이광수 위원 미래에셋증권 KB부동산TV 집값에 대해 명확하게 말씀드리자면...
hKS1NyY_qEo,KB오피스 투자지수 부동산 필수 삼식 KB부동꿀박사 실효운영수익률 리츠 투자하기 전에 꼭 확인하세요
t0V4E8z3h7g,빌라 & 다세대 주택 부동산 필수상식 KB부동찰박사 공시가격 하락... 전세보증금 반환보증 재가입이 안된다고요?!
_LrI9W_PtzE,정재훈 박사 매우 싼 가격에 KB부동산TV
r494mJYbZWU,부동산 빅데이터 삼프로 '세미정' 정재훈 박사 서울대 환경대학원 KB부동산TV 부동산이 죽어야 부동산이 살아납니다
4Tc3hQBaFmg,부동산 빅데이터 삼프로 '세미정' KB부동산TV 한국 부동산 시장 하락 전환 13개월째 이 방향의 끝은...
yPL3FCJ959c,부동산 KB부동산TV 빅데이터 삼프로 '세미정' 정재훈 박사 서울대 환경대학원 글로벌 위기 시작되나 한국 부동산 시장은...?
PlEImdLPhak,사업기간 단축! 부동산 필수 삼식 KB부동찰박사 용적률 상승?! 사업성 올라간다가 ·재건축시대 온다!?
qT9_JzgKuAQ,전세 보증금 받기위해 꼭 해야 할 일은? 악성 임대인 임차인 주목!!! KB 부동산
pwHc-KE32jI,부동산 빅데이터 한문도 교수 연세대 정경대학원 금융부동산학 KB부동산TV 흔들리는 부동산 시장 경제위기 징조일까? 1
obv71crtbl0,최소 납입 일수는? 부동산 필수상식★ KB부동찰박사 m 예치금액 얼마?! 추첨제 늘었다! 중요한 것은 청약통장
_6uneZgN20Y,"부동산 빅데이터 한문도 교수 연세대 정경대학원 금융부동산학 부동산 반등 조짐?! ""아직은 아닙니다” KB부동산TV"
-huhpdAXvmw,KB통계 기상도 그동안 잠잠했던 과천에 무슨 일이? KB부동산TV
erMn2nCS3_w,부동산 필수 삼식★ 집주인 주목!!!! KB부동찰박사 세입자도 주목!!! 집주인 바뀌었으니까 나가라고요?!
4wkJw5Q776o,"부동산 빅데이터 한문도 교수 연세대 정경대학원 금융부동산학 KB부동산TV 미분양, 입주물량 증가! 부동산 시장이 위험하다"
XVEJfoEvIig,KB 알아두면 돈 되는 KB부동산TV 한강이 바로 앞!!! 강남보다 살기 좋은 지역? 새로운 랜드마크 등극?!
x05Qii2z_hM,KB부동산TV KB통계 기상도 입주물량 계속 늘어난다 이제 '마피' 거래까지....
SeJHEnk0gq4,KB 부동산 양이 두인 돈 되는 KB부동산TV 친환경 주거지!! 교통망의 중심! 강남3구 입성기회 이곳은 놓치지 맙시다
VzTQsP-SY7A,부동산 IN 빅데이터 빈센트 업라이즈 빅데이터 이코노미스트 KB부동산TV 부동산 가격 전망 '두 가지'를 기억하세요
LWSTzFTb5Lk,부동산 빅데이터 빈센트 업라이즈 빅데이터 이코노미스트 KB부동산TV UN도 세계경제 하향조정 경기침체는 '때' 끝날 것
oiYugfMEpDQ,꼭 알아둬야 할 체크 포인트 부동산 필수상식★ KB부동쌀박사
Z06VyPTQqCE,★부동산 필수상식★ 전세 보증금 지키자! KB부동찰박사 필수 체크리스트 깡통전세 피하려면 '이것'은 꼭 체크하세요
LEnECZ8znsA,KB 알아두면 돈 되는 재건축·재개발 KB부동산TV 지금부터 공부해야 한다! 이곳은 전국을 잇게 될 것...!! 집값 하락에도 살아남을 지역? 결국 '여기'로 모일 것...!
3SC3Jtir4So,청년 주거정책! 부동산 필수상식 KB부동찰박사 월세 지원도...?!! 5억원 아파트 7천만 원에 구입 가능?!
W0mYfKOOOBc,KB 알아두면 돈 되는 부동산 재건축·재개발 KB부동산TV 동서남북 교통의 요지 (나도 살고 싶다...) 김포공항 주변을 주목해라! 고급 아파트가 온다
Of05qttYdr4,월 소득 450만원 이하 ★부동산 필수 삼식 KB부동팥박사 자산 2억 6천 이하 무주택 미혼 청년에게도 기회의 문이 열렸다
PET0Wri4E-g,부동산 전망 시리즈 TAX-2028 이호용 KB국민은행 WM스타자문단 세무사 KB부동산TV %8편 절세를 위해 꼭 알아둬야 할 2023 바뀌는 세법은?
waHiI4p4tMQ,KB통계 기상도 하락폭 큰 '이곳' 설마 우리 동네....?
W6vkNDtHIIM,"부동산 전망 시리즈 7편 이호용 KB국민은행 WM스타자문단 세무사 TAX KB부동산TV 계속해서 늘어나는 이자부담, '절세'라도 안될까요?"
502TdKw02Eo,KB 알아두면 돈 되는 단지 재건축·재개발 KB부동산TV 사업성 Good 부동산 침체기 알짜매물구할때 (경성 중) 주의해야 할 사항은?!
E6SO2dOpml0,부동산 전망 시리즈 6편 박원갑 KB국민은행 WM스타자문단 부동산수석전문위원 KB부동산TV 지금은 부채를 줄여야할 때! 과연 그 해법은?!
kht31eijaRw,"알아 두면 돈 되는 KB 당 재건축 재개발 -KB부동산TV 지금은... 한 발짝 빠르게?!"" 부동산투자, '때'를 기억하고 준비해라!"
x3SKCQe-yfg,부동산 전망 시리즈 KB부동산TV 5편 박원갑 KB국민은행 WM스타자문단 부동산수석전문위원 현재 흐름의 포인트! 이제는 '돈후곰'이다
LTCU5AzmvpY,KB통계 기상도 중요한 것은 꺾이지 않는 '하락세'
VAZr1Rf-ikU,부동산 전망 시리즈 KB부동산TV 4편 채상욱 라이즈 부동산 애널리스트 정부 정책으로 살펴본 부동산 침체기 대처방안은?
3YmE0kp0fqo,부동산 전망 시리즈 채상욱 얼라이즈 부동산 애널리스트 KB부동산TV 3편 부동산 침체기에 꼭 체크해야 할 '기회'포인트
uH1zR_0jQKY,"KB 알아두면 돈 되는 재건축·재개발 / Mo'가 많은지. 'ㅇㅇ'가 KB부동산TV 꼭 확인 해야해요 헉 몰랐어요!! ""이런 곳을 알아둬야 합니다” 알짜투자처로 꼽히는 이유는?"
oMIC5qALlhc,부동산 전망 시리즈 김경민 교수 서울대 환경대학원 KB부동산TV 2편 2023 부동산 전망 무엇을 준비해야 할까?
uiEUu3AhZVc,알아두면 돈 되는 KB 재건축·재개발 KB부동산TV '초기 투자금 최소 5억! 거기가 어딘데요~ 곧 분양 시기 온다! 무주택자에게 기회일까?!
E58uLVuxAwI,부동산 전망 시리즈 김경민 교수 서울대 환경대학원 KB부동산TV 1편 전 세계 집값 하락 동조화! 한국 집값 공포 계속되나
CzpOW0vpx-g,KB통계 기상도 전국 큰 하락폭 유지 계속해서 줄어드는 수요
ojau622FSNM,KB *알아두면 돈 되는 KB부동산TV 당 재건축·재개발 저도 살까요?! 재개발 어딜 주목해야 되냐면.... 이제 오래 기다리지 마세요 ‘신통하게 변할 지역은?!
NTpnS7a8ZD4,부동산 필수상식 KB부동찰박사 깡통전세 막고 월세 관리비 꼼수도 차단합니다
NCQISigQeW0,알아두면 돈 되는 KB부동산TV KB 부동산 재건 재개발 사업기간 짧다고 속했다 한금청산방합니다
WbVwVN7MJ5k,전세사기를 예방하는 3가지 방법 공인중개사 확인 등기부등본 확인 전입신고 및 확정일자 받기
4E-yFqrtRww,재초환 완화 [부과기 시장 살아날까? 자세한 내용은 댓글 링크에서! 부과기준 현실화 개선안 부담금 현행 개선 면제금액 부담금 면 체금액 3천 1억 부과 구간 2천 7천 부과 구간 초과이익 산정시점 구 추진위 연 조합설립인가 주요 골자는 다음표에 보시는 바와 같아요 초과이익 산정시점 부산필수상식 주요골 KB부동찰박사 같아요
EklOW7skjt4,★부동산 필수상식 KB 80X 1억 이하는 면제?! '재초환 규제 완화 시장 살아날까?!
qoTuTLAJzOo,부동산 IN 빅데이터 조영광 대우건설 연구위원 KB부동산TV 계속되는 인구감소... 내집마련을 꿈꾼다면 '이것'을 유심히 봐라!!
7m2EsUgBDOI,자세한 내용이 궁금하다면 댓글을 확인해주세요 서울0.23% 하락 KB KB통계기상도 C
sEQuzprLIF0,KB통계 기상도 2008년 이후 서울주간 하락폭 최대?!
vof1D7650P0,부동산 빅데이터 조영광 대우건설 연구위원 KB부동산TV 공급이 넘친다 미분양 공포!!! 2009년과 다른 이유는?
mUqyoMAjReA,"무순위 청약 특징 청약 ""인기를 끌고 있습니다 부산필수상식 KB부동찰박사"
ZOmXZStxsL4,부동산 필수상식 KB부동찰박사 K부 과천 중중은 1006대 1 !!! 무순위 줍줍도 로또VS 낭패 사극과 극이유는?
xevNJ4tXw2Q,KB부동산TV KB통계 기상도 드디어... 하락폭 줄었다! 하지만?
w5_2tPtyoCE,3. 청약 셋째 청약 부산필수상식* KB부동찰박사
fL7RXf_JDrQ,알아두면 돈 되는 KB 재건축·재개발 (?) (?) 사업성 종죠~ KB부동산TV (?) 분당의 반값! 숨겨진 진주 22 역 주변이 돈이 된다?!
aBfDfrGPehg,KB부동산TV KB통계 기상도 서울 아파트 상승구 없다! 하락세 더 강해진 강북구?!
mwIYNfzXtbE,KB 부동산 재건축·재개발 KB부동산TV 강남까지 20분!! 가성비 갑 재건축 단지 앞으로 가치가 심지어 공세권이라니! 더 높아질 이곳!!!
dpzmBn-YgAo,KB 부동산 알아 두면 돈 되는 다 갖췄네요! KB부동산TV M 그렇죠!! 분당 재건축 단지 4.??을 주목하세요!
aWBqQW-CQWE,KB 부동산 어디에요? KB부동산TV 앞으로가 제2의 강남그 더 기대됩니다!! 중대형 평형 고급 주거단지!
_U9PSAk5d9k,KB부동산TV KB통계 기상도 전세가 따라가는 매매가...! 송파구에 무슨 일이?!
HEl4Rbn2IOA,"부동산 빅데이터 박원갑 KB국민은행 WM스타자문단 부동산수석전문위원 KB부동산TV 지금, 집 살까? 말까? 부동산 빙하기 해법은..."
fcKIwKqlFd4,부동산 빅데이터 102 박원갑 KB국민은행 WM스타자문단 부동산수석전문위원 KB부동산TV 투자 유목민이 만든 급상승장 어떻게 될까?
6lQdfRZioO0,부동산 빅데이터 김경민 교수 서울대 환경대학원 KB부동산TV 대규모 공급보다. 토지비축이 중요하다?!
V5BytJ1Jdw8,부동산 빅데이터 KB부동산TV 무섭게 오르는 금리 김경민 교수 서울대 환경대학원 2008년 상황과 다르다?!
S2a8bjCC-38,"KB통계 기상도 도봉, 성북 하락세커졌다! 경기 이천은 여전히 강세?"
qy7RHEEcX2U,부동산 빅데이터 김기원 데이터노우즈 대표이사 매도자 많은 부동산 시장 KB부동산TV 김균표 KB통계담당 데이터로 예측한 전망은?
MtNnS7ylg7c,부동산 빅데이터 KB부동산TV 김기원 데이터노우즈 대표이사 현재 부동산 시장 2010년 하락장과 같은 흐름일까? 김균표 KB통계담당
zH1IpneexBU,"KB 부동산 KB부동산TV 거실뷰 실화?!2 조망권, 인프라 다 갖췄다!"
wKYCt6ThOuQ,KB 부동산 재건축·재개발/ 재건축의 KB부동산TV 그게 어디냐면서 숨어있는 용!? 1 재건축의 잠룡이 35 꿈틀거린다!! 3 맨해튼처럼 될 수 있을까?
R_JkoTjwhAs,"KB부동산TV KB통계 기상도 서울도 하락 전환! 수도권 약세 심화되나?"""
TBTZzUUgmCs,신씨 삼형제가 누구...? 눈여겨봐야하는 서울 재건축 지역은 신씨 삼형제...? KB부동산TV 사람이 아니고...
drVu1pjMJ18,"KB부동산TV 공약을 보면 5~10년 후는... 어디요?!! '지금, 재건축·재개발을 주목해야 하는 이유는?!"
X1TNikzWDZ4,2005 % 1004 부동산시장 분위기는? KB통계 기상도 ALS 3065 400% 매도자문의훨씬 더 많다!! 원 시장 실시되는 걸까? 4000
RgfFFQaJiUI,KB부동산TV 헉.. X 부동산 상식을 짧고 굵게 알려주는 짧은 부동산 청약 당첨이 취소됐다고요?
Wy3fN7rUMEE,KB부동산 TV ® 3분부동산 상식 비조정대상 지역은.... 조정대상지역 해제시 무엇이 달라질까?
JwPU4Dz6os4,KB부동산 TV ® 3분부동산 상식 '전세대란 올까...? 계약갱신청구권의 순기능과 역기능
AGcUM3cO_F8,KB부동산 TV ® 3분부동산상식 건물을 짓는 기준!!! 용작물과 파울은 왜 중요할까?
ZDuUOW9wtUc,KB부동산 TV ® 3분부동산상식 LTV!! DSR!! 대출 한도 완화된다는데 배출로 밥을 수 있나요?
SQ_JoVI4ewQ,KB부동산 TV ® 3분부동산상식 '허가 받고 사세요 몸이 있어도 못사는 집 트레비아가구역
jq1Qtcckt0Q,KB부동산 TV ® 3분부동산상식 1년간 매달 나도 해당될까? 20만원 월세 지원?!
rWdrpC2eXMo,KB부동산 TV ® 3분부동산상식 청년 반값 주택!! 서울에서 3억원과 소형주택이?!
-zGrmoVK560,"KB부동산 TV ® 3분부동산상식 꼭 확인하세요!"" 전매제한과 거주의무 기간은 어떻게 달라지는 걸까요?"
IkEn4-QKLwk,KB부동산 TV ® 3분부동산상식 이것도 절세 비법?! 세대분리 하리된 이렇게 하세요!!!
ZjMBW1323uc,Making Film 집요한 시세편 KB부동산
wbCgR3Qgx_I,Making Film 집요한 매물편 KB부동산
o1YP2u4xw50,KB부동산 TV ® 3분부동산 상식 어려워하지 마세요!! 세금이 궁금할 땐!! 이곳에서 확인하세요!
ZSYmcVA_U-M,Making Film 집요한 목표편 KB부동산
ufkYJZwFjEY,Making Film 집요한 입지편 KB부동산
8oh-3B4SPHc,KB부동산 ® TV 3분부동산 상식 사업기간 2~4년?! 모아주택 보아라운 정확히 알려드립니다
hwoofYZurKA,호반써밋 3차!! 청약 4차 민간 사전청약 인천 검단신도시 청약전략
fDu6w26w0wc,"KB부동산 TV ® 3분부동산상식 과태료는 내지맙시다!! 전월세 신화제, 이제는 필수입니다!"
i2Vz1jPHyy0,KB부동산 TV ® 3분부동산상식 잘못하면 과태료 3천만원.... 자금조달계획서 이렇게 작성하세요!
P-tuqmHjf4Y,올해 첫 청약 민간 사전청약 이것 주의하세요!
5iFQtoUTjQA,KB부동산 TV ® 3분부동산상식 '미혼에게도 기회가!! 생애최초 특별공급 혜택 확대! 자격조건은?
RFv6toAqbiM,KB통계 기상도 전국 집값 주춤인가 하락인가...?? #KB주간 시세트렌드
yJNnQwogghQ,PLAY 편집본 #강남 한복판 #입지좋은 #소형아파트 | DHE ECI LIVE
ZWqYjusLZWc,2022 부동산 전망 대선후보 부동산공약 비교 분석! 접근 행방은? •with 권대중 교수
ccHM4mMNK6s,복도 0.47% 1074 서울 outs 금강산 추천 188 28 ERINE 10.70) -0.07 (0.34% 도 KB통계 기상도 이번 달 월간시황은 어떤 이슈가 있을까? #KB 월간시세트렌드 RAMS 정북도 055083 KB (0.32%) 평균가격 주간시 트레드 산 [0.93 시 Beta 전라북도 0.95 평균가격 경상남도 1.43 0.93 시세 면적 HAVER
0kIbimEIBxI,올해 마지막 공공 사전청약합니다 3기신도시 고양 창
ATeujkTitbw,집요한 입지편 KB부동산
YkLhyk6DzBQ,"지역선택 MY 매매,전세,월세 가격 078 단지 0315 (0.11% 서울00 10190017 (0.17] (0.00 0.07 STOLE 10.06 0.06 SONG (0.28) 0.10 경상남도 034 0.09 CONS 10.08% KB통계 기상도 이번 주 지역별 주간시황 쉽게 보는 방법은? #KB주간시세트렌드"
18FAHmKZv3Q,"2022 부동산 전망 집값 오를까, 내릴까.. 대접수는? with 권대중 교수"
tvGj4KKRINk,집요한 목표편 KB부동산
_S6w1U1IfDk,실거래 인기 시중 대단지 이번주 신고 타워팰리스(1차) 강남구 도곡244.6m 실기 인기 대단지 1위 16위 8위 15위 매매 6 전세 3 1 타워펠리스(1차) -4824466m³ (39) 62.20 2 팀플레이스 51.65 3 ) 4 웰리스(3 5) 6 스 40.50억9 36.30 35.00 KB동계 기상도 지역별 TOP10 단지 모아보자!! #시세총액 #실거래가
V86N-NO7qR4,★ 일시적 1세대 2주택 주목★ 노부모 동거 봉양 & 혼인주택 비과세 받는 방법! 비과세 완전정복 8편 with 이승현 회계사
GkPz_E2DooA,집요한 매물편 KB부동산
JCkCPVFWtKM,광주 O 0.12 0.03 고 구 0.00 강북구 구 0.05% 2006 PRUAR KB통계 기상도 0.15% 2017 리시 부동산시세 트렌드 이거 하나로 끝!! #주간시세트렌드 #월간 시세 트렌드 005 갑불구 -0.15% 0.26 0.00 수정구 성남0.13% -0.01 2000.07% 010 M0114 10.13 8
YGlVD3K-v_Y,집요한 시세편 KB부동산
WCeN74kXGT8,공동상속주택 비과세 특례까지~! 상속주택 비과세 요건 이것을 주의하세요! 비과세 완전정복 7편 with 이승현 회계사
axW-6I4fImU,집요한 부동산정보 KB부동산
a_CjfdoEZAU,17 KB부동산
GtOfuhO5UKc,KB국민은행 집요한 Ka
Q7BrhhLKSWs,전체 5년 3년 2041 243 20.2 16.19 124 7.9% 3.09 보 공시가격 20.12 2008 30.12 20:06 20:22 22:00 22:22 -540321/202.1% 전세1억25000/0.9% 397 KB통계 가상도 KB시세부터 예측시세까지 한번에 해결! #KB시세 #빌라시세 과거 KB시세 KB시세 공시가격 보기 다운로드 보기
ge0NJQEABLE,KB국민은행 집요하게 뭉쳤다!?
z8Scu_dNrpo,"드디어 나왔다!!! 청약 3기신도시 3차 사전청약 하남 교산, 과천 주암"
ukMj-yZRmp4,신세계!!!! 하이 리부 훗 그걸 노렸쥐~1 40분내로 출퇴근 가능한 내집 찾기!
W1o6kppBNZk,비과세 혜택을 받기 위해 1주택자가 입주권 or 분양권 취득 시 가장 유리한 방법은? 비과세 완전정복 6편 •with 이승현 회계사
ITWgLvFg4Eg,다양한 사례와 함께하는 일시적 2주택 비과세 특례규정 -심화편- 비과세 완전정복 5편 with 이승현 회계사
KRhBOjOInyk,청약 매니저 신혼특콩VS신희타? 3기신도시 2차 사전청약 필승 전략
Ez0aG-b7_wg,점점 강화되고 있는 슬픈 현실... 일시적 2주택 비과세 특례규정 시절을 기억하세요! 비과세 완전정복 4편 •with 이승현 회계사
l3SF4hPXLwE,距 距 고민 타파!! 청약 찐궁금증 해결!! 매니저 3기신도시 사전청약 무엇이든 물어보살
n3DeZ-lS3Sg,현금청산 피하려면? 공공재개발·재건축 그것이 알고 싶다
EnyS9H-YqVE,양도소득세법 개정 예정 내용 다주택자 22년까지 1주택만 남겨야 세금폭탄피한다? 비과세 완전정복 3편 •with 이승현 회계사
TC_tSN_BxWM,그래서... 수익률이 얼마라고요?! 통계로 보는 오피스텔 시장 동향은? KB오피스텔 통계 공개 후속편 •with 김태환 선임연구위원
5pWWbFZvPE0,1세대 1주택자라면 집중!! 양도소득세 비과세 조건 총정리 비과세 완전정복 2편 •with 이승현 회계사
e2lufcE0-yc,거주요건이 헷갈린다면 집중! 1세대 1주택자 비과세 조건 총정리 비과세 완전정복 1편 •with 이승현 회계사
vdRM3bgsO4Q,전매금지 강화! 그래도 기회는 있다! 재건축·재개발 틈새시장을 노려라! 재건축·재개발 이슈 2편 with 김제경 소장
-YFddiJrYqU,"들썩이는 재건축 단지, 현재 상황은? 재건축 실거주 백지화 수혜 단지는 어디?! 재건축·재개발 이슈 1편 with 김제경 소장"
XV7xcYj9Le8,그래서 어디가 가장 많이 올랐다고요?!!! 오피스텔 통계도 한눈에 확인 가능?! KB 오피스텔 통계 공개! •with 김태환 선임연구위원
R1bqqn7BSrA,리브부동산 TV 3분부동산 상식 헷갈리는 아파트 구조!! 판상형 vs 타원형 무엇이 다른걸까?
LbIojOidmms,헉 115억!!!! Liiv 부동산 브레이브걸스로 대박난 용감한형제 펜트하우스- 최고가 등극!
nm6hC9F_8JI,리브부동산 TV ® 3분부동산상식 집 있어도 무주택래요!! 내 집이 있어도 무주택자 인정 인정!!
jkr_mtrhUE4,3기신도시 인천 계양 사전청약 수도권 무주택자 주목!!! 청약 매니저
SBi4qOsP31Q,하이리뿌 HONEY INFORMATION 나도 놀람 진짜 가능...? 이런 걸 찾을 수 있다고?- (세상 행복) 취향저격 로망의 집찾기 아직도 모르시면 곤란합니다~~
E6CX1twbYaY,리뉴스 정책 브리핑 107월부터 7월부터 대출한도 어떻게 달라질까?!
pq6nFltabu0,Before After '테라스 품은 청라 신도시 펜트하우스 인테리어
2Hu9vCsre98,리브부동산 TV ® 3분부동산상식 헷갈리지 마세요! 거주의무 & 2년 살려주 무엇이 다른걸까?
rl5XRBWR_2w,리뉴스 현장탐방 증산 4구역 공공복합개발 1호 예고?!
j8shKPuNQa8,이렇게 하면 망한다고?! 세금 폭탄 맞는 오피스텔 투자?! with 황범석 세무사 리브부동산TV
JMpCARqTjBc,모르면 세금 폭탄!! 재건축·재개발 이날이 중요하다 with 황범석 세무사 리브부동산TV
xO4H7rYYFPs,내년에도 오르고... 내 후년에도 오르는...ㅠㅠ 세금 폭탄 탈출 비법 공개 재산세·종부세·증여세 총정리 with 황범석 세무사
v_4h7XDqdok,리브부동산 TV ® 3분부동산상식 잘못 알면 큰일남!! 상가임대차보호 걱정없이 10년보장!
HKXgZ-LdRxo,GTX-A 시세차익 얼마? 선당.후.곰... 동탄2신도시 로또 청약 청약
D3oNEK93LdA,Kb KB국민은행 알고 나면 정말 쉬운 KB시세 보는 방법!
IZ0sIZmiIfI,-가계부채 관리방안 발표 2년 뒤 대출한도 어떻게 바뀔까?
Ard-RTVg4bw,2.4공급대책 후속 조치 신규 공공택지 발표 수도권은 언제쯤...?
gq5OgdRuDcA,모르면 청약 낭패!!! 또 바뀌는 청약제도는?
_-zpwrPC0WY,KB국민은행 정말 쉬운 리브부동산 가입 이벤트 2021년 4월 22일(목) ~ 5월 21일(금) 스타벅스 아이스 시그니처 초콜릿 Tall 사이즈를 5000명에게!
SYivT_tB4sc,파주시 주시 주 남양주 남양주왕 남양주시 구리 남양주장숙 고등록 구리시 7월부터 3기신도시 사전철야 00 신청방법은? 시 부 동작구수사 부천대 시흥시 상 시 외장 의왕시 ● 수원시 수원수 00 2 성남시 +42
ixzThBCacLM,리브부동산 TV ® 3분부동산 상식 '난리났네~ 난리났어~!! 이것 모르면 난리난다
7Suleoa8i4o,교통호재 有야호~~ 검단신도시 청약전략 전지적 청약 매니저
2aEXmU0k2PI,긴급발표 공공재개발 2차 후보지는 어디?
JlQ65Sk7eMA,포상금 10여기 과연 부동산 투기 뿌리 뽑힐까?
UACmWgIup0E,저 뭐꼬? ・기획자들 구호동도 반한 리브부동산 꿀팁이예~?
INtrZUkhX7c,리브부동산 TV ® 3분부동산상식 '빌라 사재기 주의보 발령?!! 빌라 매일 진 이것 모르면 난리난다
2NwpsPP8xCQ,"아, 깜딱이야! 구호동X로건리, 이 조합 실화?! 리브부동산 메이킹 공개!"
5l5wVDEDpio,Ko KB국민은행 부동산 시세 쉽게보는 법 꾸르매물 쓰르팅!
_h-rAtRtDAk,Kb KB국민은행 미래 시세알고싶니? 예측시세 어르마! 빌라시세?
ybI9Sx-VmrE,Kb KB국민은행 '부동산 정보를 한눈에 '꾸르단지' 싸그다모아!
t9yC_fRmS94,"KB국민은행 Liiv 부동산 부동산 고민, 그만! '리브부동산 완결편!"
6LbYfZ4jqps,2.4 공급대책 후속 조치 10만 가구 쏟아지는 신규 공공택지는?!
s8Z3X0TK224,시세반값이라고?! 청약 HIT 과천 지정타 마지막 ㄹㄸ 처야
Y4L8ClIjOvg,리브부동산 TV ® 3분부동산상식 헉! 이런 방법이!! 청약 가질 단숨에 올리는 방법은?!
YwVoYGYdHls,청약 매니저가 콕 찍어드림~ 분양 임박한 청약 서울 로또 청약은?
HN2foqIdHW8,2.4 대책 역대 최대물량 쏟아진다?!
ZRYj8634Z3o,리브부동산 TV ® 3분부동산 상식 헉! 큰일 날 뻔! 의외로 잘못 알고 있는 부동산 상식 3가지
yjZd2069oOw,LIIV 부동산 신년특집 부동산 랭킹쇼 •눈여겨볼 서울 입주단지 3곳! 새 아파트 2021 상반기 이즈 많은 동네는?
yv7yBhsWDkc,[리브온 TV ® 3분부동산상식 '서비스 면적 개이득!!!! 나만 알고싶은 아파트 면적의 세계
5nPkxDgU9aU,Liiv 부동산 연말특집 부동산 랭킹쇼 최저가 아파트 싹쓰리 2500만원대 아파트가 있다고?!
8mliR2CgcTc,연말특집 부동산 랭킹쇼 Liiv 부동산 최고가 아파트 싹쓰리 현실판 페트하우스는 어디?
JjKkWDUKxmY,7호선 뚫리는데 서울 전셋값 수준? 청약 매니저 이천 부평 재개발지역 청약 전략
iDsqoCKlOfY,부린이를 위한 재개발 의장 필수 체크리스트 가장 많이 실수하는 건...
4nKPaYcwPn4,Liiv 부동산 부동산 신세계가 열렸다 아파트 Al예측시세가 궁금해? 궁금하면 Click
9K6RH75fReI,리브부동산 TV ® 3분부동산상식 '부동산 세금' 다 알려줌! 부린이도 알기 쉬운 부동산 세금 타파
UmWB25dIPj8,더 저렴한 지역은... 울트라! 가성비 갑 뉴타운 또 있다고?
eh1iCoAMo1c,아직도 싸다구?! 뉴타운 TOP3
UMRNJCP8AA4,Ft. 권대중 명지대 교수 미과전계 푸름 언제까지? 2024년 1113 기회가 온다
BeGmWpoX9aY,IFt. 권대중 명지대 교수 예상적중 전세대책 전셋값 잡히나?
5gaTy0YloYk,과천보다 싸다고? 진짜 강남권 청약 내니저 위례신도시 공공분양 청약 전략
shCuHXzK_wI,[리브온 TV ® 3분부동산 상식 전셋집 계약만료 후 충격받은 사연... 전세집 인테리어 했더니 원상회복하라구요!!
Z6WsnioQV98,누구나 쉽게 할 수 있는 재개발 투자 부분이 111
VCdL9ghJgk4,1주택자 보유 공시가격 6억 이하 재산세 인하
rxcCNqCOiFQ,김포 KB통계 고양 서울에서 밀려났나... 애 거기서 오르LI?
ZRlLMeAuTBg,[리브온 TV ® 3분부동산상식 신박한 주택 어디든 떠나고 싶다!!! 타이니 하우스가믄다!
PIAxmtT6dKI,리브온 TV ® 3분부동산상식 외관이 너무 똑같잖아요!!! CHAICH vs ch117 대체 무엇이 다른가?
mAV7vsIFMo8,다시 한번 체크해야 할 27일부터 시행되는 자금조달계획서
MEUypwShueA,강남아파트값 떨어졌다는데 KB 통계도 떨어졌을까? KB통계
GlobJh1qlPg,리브온 뉘우스 10.14 국토부 발표 핵심요약 여봉 1억 넘는 맞벌이 신혼도 특공 가능
rdtkGY5x02o,3기 신도시보다 분양가 쌀까? 청약 과천지식정보타운 청약전략
ZFeJvpPXH0s,리브온 TV ® 3분부동산상식 세입자는 굳이 안봐도 됨ㅋㅋㅋ 집주인 주목!!! 7월부터 바뀐 법은?
7VpJn4l1-fc,(리브온 TV ® 3분부동산 상식 집주인은 굳이 안봐도 됨ㅋㅋㅋㅋ 세입자 주목!!! 7일부터 바뀐 법은?
LKpTNralfgE,전세 지친 전세살이... 등골 휘는 중... 저렴한 빌라라도 계약할까?
DlexkZFKi0A,(리브온 TV ® 3분 부동산상식 부자 되는 부자가 되고싶다면 들어오세요~ 인테리아가 있다고?!!!
zrsz7PozWjU,3기 신도시 사전청약 이것만 알면 당첨?! 청약
-_iE_NRB-ZU,[리브온 TV ® 3분부동산상식 '집 사기 전에 꼭 체크하세요! 취득세계산안하고 집사면 후회한다!
sSjHZPcERPU,분양가 저렴한 3기 신도시 사전청약 발표!!! 시장 흐름 바꿀까? 3기 신도시 사전청약 발표
FQvcTUiFAPI,전지적 드디어 찾아온 기회 무주택자가 꼭 봐야 할 트공 전략 대공개 WARNING 미혼 좌절 주의 청약
-FsIEtGOFro,곧 이것이 뜬다! 소형 or 대형 어느 평수에 살까?
C9f6AqIjVbM,세종 추석전에 꼭 봐야할 9월 주택시장 핫한 전망은?
UxOGv8ICVWQ,[리브온 TV ® 3분부동산 상식 잘못 알면' 손해 볼 텐데.. 조정대상지역 제대로 알고있니?
WU47GFO6PQQ,랜선 MIDILH KB부동산 리브온 당첨자발표 참여해 주신 모든 분들께 감사 인사 드립니다
CW5s0MsIQ9s,인구 감소한다는데... 떨어지겠지?
S8rX-3fmwgs,WHEN 공공재정은 & 3기신도시 분양하면? 집값 더 올랐는데 언제쯤 안정될까?
WbMEodzHx_M,내집 마련 언제하지? 서울 도심 신규 공급!!! 권대중 명지대 교수
SCS6KCAVeIE,분양가 9억 이하 청약 당첨 전략 KORAIL || 수색역 청약 매니저가
J7Qmwf498F4,KB부동산리브온과 함께하는 랜선세미나 II 부동산전문가 그들만의 비밀 빠숑(김학렬 소장) 박합수 수석전문위원(KB국민은행)
SsoKps-WLus,재산세 고지서 받은 집주인 상승세 멈추기 전에 집 말까? 기다릴까?
RyMdGvrd8Us,[리브온 TV ® 3분부동산상식 어떻게 얻은 아파튼데!!! 신축 아파트 입주했는데 감짝 놀란 이유는?
-MlTYcdqNWw,[리브온 TV ® 3분부동산 상식 (아마도...?) 부림이라면 짱 쉬움!! 이것부터 공부해라!
28kbI2w6qzM,★7.10 부동산 대책 이후 ★ 주택시장 변화 3가지 180도 달라짐?!
Oz-Y_CNXrPU,★7.10 강력부동산 대책 고점 매수자 떨고 있다! 炒酸奶?
wo-iUY-sI5Q,1기 신도시 리모델링 브 새 10년 후 재건들이 사라진다?
2lEhhr8XRB0,전지적 청약 매니저 걱정말구 드루와 다 알려줄게~ 대출 규제 & 분상제 시행 | 롤러코스터탄청약시장 어떡하란 말이죠! 청약 LIV ON
aOLN2l6hvBw,0000 ★청약 꿀팁 포함★★ 10년 후가 기대되는 13기 신도시 지금 이사부터 해라
fdlem7l7K4U,리브온 TV 6.17 대책 일주일 미친 집값 머릿 속 복잡해진 통계 여신 또 올랐어?! KB통계
gt88vxlnkJg,[리브온 TV ® 3분부동산상식 전세살면서 3분 안에 다 알려줌~ 아직 모르면 손해
C5T5KHik9vo,6.17 부동산 대책 규제지역 확대 갭투자 잡힐까?
FoDSpHnJ08I,0000 한국 부동산 겪는다 아니다
Qtu-1X9r7G4,전지적 청약 무계획자] 당황한 청약 매니저 청약통장 1순위 만드는 방법! 그런데... 청약
yBo7O4lAqXY,KB부동산 리브온 랜선세미나 당첨자 발표 참여해 주신 모든 분들께 감사 인사드립니다.
Ai-QhcKhY9U,리브온TV 사이버 임장 월세 수익 332만원?! 편의점 품은 신도시 상가주택 VE
-kfQn69FAmY,리브온 TV KB통계 집값 점쳐주는 부동산통계여신 서울 집값 6월 이후 오를까? 내릴까?
mIe1Mv3qYbg,KB부동산 리브온 랜선 세미나 원종훈 세무사 X 붇옹산 2020년 혼돈의 부동산시장 집사? 말아? ① m m
J-qKUQJ642I,전지적 한자리 당신의 청약을 참견해 드립니다 정악 매니저ㅋㅋㅋ 최고 경쟁률 543:13 청약 핫플 이곳은 어디? 허이
24OCoYQadSk,리브온 TV 집값 점쳐주는 부동산통계여신 KB통계 그래서 집사요? 말아? 3개월 뒤 집값을 점쳐 본다....
q6sEBXVhEpA,Liiv ON 신용불량자 유명 가수라 믿었는데... 어떡하죠! 집주인이 보증금을 '으아아아악 은행 대출
JC9fXMmSb_8,그 땅이 알고 싶다 영등포구 미래가치 보려면 이 영상을 봐야 합니다
4bFY_WvJlGU,부동산 통계 여신과 강남 떨어지면 함께하는 KB통계 기상도 너희들도 안심 못해!
b9iwuolsO7A,그 땅이 알고싶다 강남에 무슨 일이?!
oCLNs_u3AHQ,그땅이 알고싶다 강북구 투자 포인트가 사슴?!
nR0ZPzr-35Y,olm 가사끼 이태원 클라쓰에 숨겨진 상권의 비밀 VIP TOTAL S
AXxDCTqBsJc,Liiv ON 3억 이상 집 살때 이깃놓치면 JENE 500? HELP
TeZZIBfK6_k,LIIV ON 성악가진 이날더라도 당첨 방법이 있다는데요 우리도 청약 당첨될 수 있다니
rzlZD9lD-Ag,300아이 선택한 유레신도시 단독주택
P5d-9DgjYHI,시세 차익만 20 A3-10블럭 중흥S-클래스 공동주택 신축공사 HOF VOLVO
SgI9YY4YpvE,ON 19번째 부동산 대책 풍선효과 사라질까?
Qnubn_uqb5Y,LIIV ON 비싼 집값의 비밀 ??? 100이 많으면 좋은걸까?
RmVr9h2EF-Q,입주 직전에 사동탑에 STOP!! 큰일나는
M-i7gUrtbIk,20평대 집꾸미기 2020 인테리어 트렌드 Earthy?
OtMTOEP9WUU,LIIV ON 은행원이 들려주는 돈버는ASMR 논 원 '도세이프 영접??? 포세이돈 아님
pF1FgBmacCI,재건축·재개발 모르고 투자하면 ...ON? LIIV ON
yttmifYOVA4,재건축 아직도 구분 못하니? LIIV ON
FP7ivMtoodk,LIIV ON 은행원 세무사가 알려주는 천연말정산 이거 들으면 나옵
ariWGr_KiWI,3분으로 지식산업센터 LIIV ON 끝내는 수익형 부동산
Pgfcm8enZ2o,"Liiv ON 야, 너두 꼬마빌딩 살수있어! feat. 꼬마빌딩 전문가"
SNpzlpkBlZA,리브온TV 구독 이벤트 당첨자안내
ndTHquhShrs,LIIV ON 2019년 「청약 경쟁률」이 1 ? ? 가장 높았던 단지는? 2 히 올해 가장 했던! 부동산 랭킹쇼 3 ?
dFHi0MkVQsc,Liiv ON 12-16 주택시장 안정화 방안 2020년 상반기까지 집안팔면 손해?
wEkyzdGGmAQ,청(약)포(기) 밀레니얼 세대?! Feat. 82년생 김지영 LIIV ON
4H7VvTALw90,Liiv ON 말한마디로 부동산 시세를 확인할 수 있다?!
7knmNPpiDvU,LIIV ON feat *DMG금호리첸시아 모델하우스 신혼집으로 딱이야!! 가재울 뉴타운
HR7bqS2TYTU,ON 부동산 세미나 Feat.원종훈 ONDICI 세무사·KB국민은행 WM스타자문단 7 삼속V3 증여 무엇이 더 유리할까?
-DsDymUzELY,LIIV ON 부동산 세미나 ONDICH Feat. 이현민 | 탱크옥션 대표 '부동산 가치가 상승할지역은?
FyLf-Hw4pN4,LIIV ON 테라스만 4개 225년된 누여기가 이라고요?! 분당 루프탑 하우스
E1siafUyrY0,"liv ON feat. 박원갑 & 홍춘욱 분양가 상한제 2편 공급부족, 진실은..?"
WUy76_j6qjI,ON feat. 박원갑 & 홍춘욱 분양가 상한제 1점 집값 잡힐까?
EMLy8__RfPE,LIIV ON 고덕 그라시움 117 가 얼마라고요?!
DuQfT625nEc,"LIIV ON feat. 박합수 KB국민은행 WM스타자문단 '생애 첫 집을 ""nu 내 집 살꼬얌 (777) 강남 4구에?!"
UOa7x-11lnA,ON 이렇게 좋을 수가! 한방에?!
_sBZ88WWOpg,KB리브온 부동산 클래스 10월 29일 커밍쑨~
cGiRqlzQbHk,청약필수! O KB LIIV ON 리브온TV 입주자모집공고 제대로 보는 방법
lmAjTUUxG_Y,가성비 甲' KB454 LIIV ON 세미포시아파트 경희궁자이명성 이어갈까? 리브온TV
MXdXF5rOJuE,ON 리브온TV KB MED LIIV ON 30점은 택도 없어요~
840rwZ1eIEY,"""개포동의 변신!!"" KB DEN LILY ON 호텔같은 아파트 다녀왔습니다. 리브온TV"
dDI5TYty4Kg,"LIIV ON 대략난감.. KB부동산 리브온 TV, 은행원이 알려주는 전세꿀팁! 집주인이ㅁㅁㅁ을 요구한다면!?"
VdIRt292aqE,LITY 리브온TV 구독 이벤트 당첨자 발표 안내 ON 리브온TV
_dAs5HeOD8I,"ON 리브온TV 아시아너힐즈 KB부동산 LiivON 1,320 10년 보유, 5년 거주의 매매요건"
2wmCBcGYvWA,ON 리브온TV KB부동산 LIIVON 개포주공 3단지 재건축정비조합 장영수 조합장
UTD7FqZNsKU,X 부동산 시장 KB45H LIIV ON 리브온TV 부동산 속설 성수기 비수기..? 아직도 믿고있니??
z7bhMhY0KGg,리브TV 청약 열풍 불었던 위례신도시 동향은? N 음악적 완성도 복정동 컨츄리꼬꼬 어이해~ 채리나 2 작곡가 출신 중개사는 처음이지?
GerihZa9DFk,하반기 전망 '부동산 주치의 피셜' KB부동산 LiivOn 강남 재건축 올랐다는데 반등 시그널일까? 리브온TV
nXuDZ5LwR1M,KB부동산 LIVON 과천 청약 당신의 선택은? 지식정보타운 vs 재건축] (feat. 은행원 출신 공인중개사) 리브온TV
kp6qy-_cgzU,KB통계 담당자 출연! 부동산 통계 보는 비법 공개 KB부동산 LON ? 리브온TV
jp91QitPKBI,은행원이 말하는 KB부동산 LIV ON 부동산등기부등본 리브온TV [보는 꿀팁!
qxS7CYtsiIc,"KB부동산 LIV ON 리브온TV 가성비 甲, 전용 84㎡ 강남, 여의도 도심 30분대!! 서울역세권 아파트는 어디?"
fPRIpEerQds,#모하 체크포인트 모델하우스♡ 완벽털기!! KB부동산 LIV ON 리브온TV
vnwkt2dLwmQ,수도권광역급행철도 GTX 한눈에 보기 GTX 리브온TV KB부동산 LIIVON 47X
7acF21nX7qE,[모하탐방기2] 서초구 방배동 재건축 단지 모델하우스 구경하기! 2탄! feat. 방배 그랑자이 리브온 TV KB부동산 ON AAAAA
JbcoeQWrq1Y,부동산사기 피하려면 이렇게 하세요!! Feat. 65억 전세사기 수법 리브온 TV KB LIIV ON
-InZ4v9flqY,청약 당첨 확률 높이는 방법? 알려줌~ 드루와~ 리브온 TV KB부동산 ON
cooZy8Q-Qkc,공시가격 기준 최고가 아파트 TOP3! 리브온 TV KB부동산 ON
SXuOnX1ThKA,은행원이 알려주는 부동산 꿀란 KB부동산 리브온 리브온 TV KB부동산 ON
